"nombre_municipio";"poblacion_ine";"cod_donde_municipio";"codigo_municipio_ine";"distrito_sanitario";"nombre_provincia";"cod_provincia"
"Abla";1248;1;"001";"Almería (distrito)";"Almería";4
"Abrucena";1183;2;"002";"Almería (distrito)";"Almería";4
"Alboloduy";609;3;"005";"Almería (distrito)";"Almería";4
"Alcudia de Monteagud";138;4;"009";"Almería (distrito)";"Almería";4
"Alhabia";677;5;"010";"Almería (distrito)";"Almería";4
"Alhama de Almería";3691;6;"011";"Almería (distrito)";"Almería";4
"Alicún";201;7;"012";"Almería (distrito)";"Almería";4
"Almería (capital)";201322;8;"013";"Almería (distrito)";"Almería";4
"Almócita";176;9;"014";"Almería (distrito)";"Almería";4
"Alsodux";125;10;"015";"Almería (distrito)";"Almería";4
"Beires";120;11;"023";"Almería (distrito)";"Almería";4
"Benahadux";4481;12;"024";"Almería (distrito)";"Almería";4
"Benitagla";58;13;"026";"Almería (distrito)";"Almería";4
"Benizalón";262;14;"027";"Almería (distrito)";"Almería";4
"Bentarique";240;15;"028";"Almería (distrito)";"Almería";4
"Canjáyar";1189;16;"030";"Almería (distrito)";"Almería";4
"Carboneras";8105;17;"032";"Almería (distrito)";"Almería";4
"Castro de Filabres";120;18;"033";"Almería (distrito)";"Almería";4
"Fiñana";1984;19;"045";"Almería (distrito)";"Almería";4
"Gádor";3034;20;"047";"Almería (distrito)";"Almería";4
"Gérgal";1080;21;"050";"Almería (distrito)";"Almería";4
"Huécija";486;22;"051";"Almería (distrito)";"Almería";4
"Huércal de Almería";17917;23;"052";"Almería (distrito)";"Almería";4
"Íllar";405;24;"054";"Almería (distrito)";"Almería";4
"Instinción";448;25;"055";"Almería (distrito)";"Almería";4
"Lubrín";1449;26;"059";"Almería (distrito)";"Almería";4
"Lucainena de las Torres";564;27;"060";"Almería (distrito)";"Almería";4
"Nacimiento";496;28;"065";"Almería (distrito)";"Almería";4
"Níjar";31666;29;"066";"Almería (distrito)";"Almería";4
"Ohanes";558;30;"067";"Almería (distrito)";"Almería";4
"Olula de Castro";191;31;"068";"Almería (distrito)";"Almería";4
"Padules";414;32;"071";"Almería (distrito)";"Almería";4
"Pechina";4103;33;"074";"Almería (distrito)";"Almería";4
"Rágol";303;34;"077";"Almería (distrito)";"Almería";4
"Rioja";1453;35;"078";"Almería (distrito)";"Almería";4
"Santa Cruz de Marchena";199;36;"080";"Almería (distrito)";"Almería";4
"Santa Fe de Mondújar";461;37;"081";"Almería (distrito)";"Almería";4
"Senés";289;38;"082";"Almería (distrito)";"Almería";4
"Sorbas";2436;39;"086";"Almería (distrito)";"Almería";4
"Tabernas";3717;40;"088";"Almería (distrito)";"Almería";4
"Tahal";336;41;"090";"Almería (distrito)";"Almería";4
"Terque";365;42;"091";"Almería (distrito)";"Almería";4
"Tres Villas (Las)";565;43;"901";"Almería (distrito)";"Almería";4
"Turrillas";248;44;"094";"Almería (distrito)";"Almería";4
"Uleila del Campo";822;45;"095";"Almería (distrito)";"Almería";4
"Velefique";230;46;"097";"Almería (distrito)";"Almería";4
"Viator";5978;47;"101";"Almería (distrito)";"Almería";4
"Albanchez";687;48;"004";"Levante-Alto Almanzora";"Almería";4
"Albox";12083;49;"006";"Levante-Alto Almanzora";"Almería";4
"Alcóntar";514;50;"008";"Levante-Alto Almanzora";"Almería";4
"Antas";3315;51;"016";"Levante-Alto Almanzora";"Almería";4
"Arboleas";4624;52;"017";"Levante-Alto Almanzora";"Almería";4
"Armuña de Almanzora";300;53;"018";"Levante-Alto Almanzora";"Almería";4
"Bacares";250;54;"019";"Levante-Alto Almanzora";"Almería";4
"Bayarque";216;55;"021";"Levante-Alto Almanzora";"Almería";4
"Bédar";984;56;"022";"Levante-Alto Almanzora";"Almería";4
"Cantoria";3365;57;"031";"Levante-Alto Almanzora";"Almería";4
"Chercos";298;58;"036";"Levante-Alto Almanzora";"Almería";4
"Chirivel";1489;59;"037";"Levante-Alto Almanzora";"Almería";4
"Cóbdar";178;60;"034";"Levante-Alto Almanzora";"Almería";4
"Cuevas del Almanzora";14455;61;"035";"Levante-Alto Almanzora";"Almería";4
"Fines";2104;62;"044";"Levante-Alto Almanzora";"Almería";4
"Gallardos (Los)";2902;63;"048";"Levante-Alto Almanzora";"Almería";4
"Garrucha";9520;64;"049";"Levante-Alto Almanzora";"Almería";4
"Huércal-Overa";19432;65;"053";"Levante-Alto Almanzora";"Almería";4
"Laroya";198;66;"056";"Levante-Alto Almanzora";"Almería";4
"Líjar";394;67;"058";"Levante-Alto Almanzora";"Almería";4
"Lúcar";760;68;"061";"Levante-Alto Almanzora";"Almería";4
"Macael";5480;69;"062";"Levante-Alto Almanzora";"Almería";4
"María";1230;70;"063";"Levante-Alto Almanzora";"Almería";4
"Mojácar";6778;71;"064";"Levante-Alto Almanzora";"Almería";4
"Olula del Río";6256;72;"069";"Levante-Alto Almanzora";"Almería";4
"Oria";2239;73;"070";"Levante-Alto Almanzora";"Almería";4
"Partaloa";1035;74;"072";"Levante-Alto Almanzora";"Almería";4
"Pulpí";10358;75;"075";"Levante-Alto Almanzora";"Almería";4
"Purchena";1664;76;"076";"Levante-Alto Almanzora";"Almería";4
"Serón";2033;77;"083";"Levante-Alto Almanzora";"Almería";4
"Sierro";379;78;"084";"Levante-Alto Almanzora";"Almería";4
"Somontín";443;79;"085";"Levante-Alto Almanzora";"Almería";4
"Suflí";196;80;"087";"Levante-Alto Almanzora";"Almería";4
"Taberno";974;81;"089";"Levante-Alto Almanzora";"Almería";4
"Tíjola";3548;82;"092";"Levante-Alto Almanzora";"Almería";4
"Turre";3781;83;"093";"Levante-Alto Almanzora";"Almería";4
"Urrácal";350;84;"096";"Levante-Alto Almanzora";"Almería";4
"Vélez-Blanco";1874;85;"098";"Levante-Alto Almanzora";"Almería";4
"Vélez-Rubio";6546;86;"099";"Levante-Alto Almanzora";"Almería";4
"Vera";16996;87;"100";"Levante-Alto Almanzora";"Almería";4
"Zurgena";2956;88;"103";"Levante-Alto Almanzora";"Almería";4
"Adra";25412;89;"003";"Poniente de Almería";"Almería";4
"Alcolea";844;90;"007";"Poniente de Almería";"Almería";4
"Balanegra";3105;91;"904";"Poniente de Almería";"Almería";4
"Bayárcal";312;92;"020";"Poniente de Almería";"Almería";4
"Berja";12563;93;"029";"Poniente de Almería";"Almería";4
"Dalías";4066;94;"038";"Poniente de Almería";"Almería";4
"Ejido (El)";83758;95;"902";"Poniente de Almería";"Almería";4
"Enix";514;96;"041";"Poniente de Almería";"Almería";4
"Felix";636;97;"043";"Poniente de Almería";"Almería";4
"Fondón";994;98;"046";"Poniente de Almería";"Almería";4
"Láujar de Andarax";1527;99;"057";"Poniente de Almería";"Almería";4
"Mojonera (La)";9191;100;"903";"Poniente de Almería";"Almería";4
"Paterna del Río";365;101;"073";"Poniente de Almería";"Almería";4
"Roquetas de Mar";98433;102;"079";"Poniente de Almería";"Almería";4
"Vícar";26899;103;"102";"Poniente de Almería";"Almería";4
"Municipio de Almería sin especificar";0;104;NA;NA;NA;NA
"Algeciras";123078;105;"004";"Campo de Gibraltar Oeste";"Cádiz";11
"Barrios (Los)";23777;106;"008";"Campo de Gibraltar Oeste";"Cádiz";11
"Tarifa";18183;107;"035";"Campo de Gibraltar Oeste";"Cádiz";11
"Castellar de la Frontera";3057;108;"013";"Campo de Gibraltar Este";"Cádiz";11
"Jimena de la Frontera";6707;109;"021";"Campo de Gibraltar Este";"Cádiz";11
"San Martín del Tesorillo";2801;110;"903";"Campo de Gibraltar Este";"Cádiz";11
"Línea de la Concepción (La)";63630;111;"022";"Campo de Gibraltar Este";"Cádiz";11
"San Roque";31571;112;"033";"Campo de Gibraltar Este";"Cádiz";11
"Alcalá de los Gazules";5226;113;"001";"Bahía de Cádiz-La Janda";"Cádiz";11
"Barbate";22556;114;"007";"Bahía de Cádiz-La Janda";"Cádiz";11
"Benalup-Casas Viejas";6986;115;"901";"Bahía de Cádiz-La Janda";"Cádiz";11
"Cádiz (capital)";115439;116;"012";"Bahía de Cádiz-La Janda";"Cádiz";11
"Chiclana de la Frontera";85150;117;"015";"Bahía de Cádiz-La Janda";"Cádiz";11
"Conil de la Frontera";22775;118;"014";"Bahía de Cádiz-La Janda";"Cádiz";11
"Medina Sidonia";11773;119;"023";"Bahía de Cádiz-La Janda";"Cádiz";11
"Paterna de Rivera";5453;120;"025";"Bahía de Cádiz-La Janda";"Cádiz";11
"Puerto de Santa María (El)";88703;121;"027";"Bahía de Cádiz-La Janda";"Cádiz";11
"Puerto Real";41700;122;"028";"Bahía de Cádiz-La Janda";"Cádiz";11
"San Fernando";95001;123;"031";"Bahía de Cádiz-La Janda";"Cádiz";11
"Vejer de la Frontera";12622;124;"039";"Bahía de Cádiz-La Janda";"Cádiz";11
"Chipiona";19246;125;"016";"Jerez-Costa Noroeste";"Cádiz";11
"Jerez de la Frontera";213105;126;"020";"Jerez-Costa Noroeste";"Cádiz";11
"Rota";29282;127;"030";"Jerez-Costa Noroeste";"Cádiz";11
"San José del Valle";4433;128;"902";"Jerez-Costa Noroeste";"Cádiz";11
"Sanlúcar de Barrameda";69205;129;"032";"Jerez-Costa Noroeste";"Cádiz";11
"Trebujena";7016;130;"037";"Jerez-Costa Noroeste";"Cádiz";11
"Alcalá del Valle";5043;131;"002";"Sierra de Cádiz";"Cádiz";11
"Algar";1428;132;"003";"Sierra de Cádiz";"Cádiz";11
"Algodonales";5506;133;"005";"Sierra de Cádiz";"Cádiz";11
"Arcos de la Frontera";30818;134;"006";"Sierra de Cádiz";"Cádiz";11
"Benaocaz";673;135;"009";"Sierra de Cádiz";"Cádiz";11
"Bornos";7654;136;"010";"Sierra de Cádiz";"Cádiz";11
"Bosque (El)";2137;137;"011";"Sierra de Cádiz";"Cádiz";11
"Espera";3869;138;"017";"Sierra de Cádiz";"Cádiz";11
"Gastor (El)";1729;139;"018";"Sierra de Cádiz";"Cádiz";11
"Grazalema";2013;140;"019";"Sierra de Cádiz";"Cádiz";11
"Olvera";8062;141;"024";"Sierra de Cádiz";"Cádiz";11
"Prado del Rey";5590;142;"026";"Sierra de Cádiz";"Cádiz";11
"Puerto Serrano";6942;143;"029";"Sierra de Cádiz";"Cádiz";11
"Setenil de las Bodegas";2741;144;"034";"Sierra de Cádiz";"Cádiz";11
"Torre Alháquime";796;145;"036";"Sierra de Cádiz";"Cádiz";11
"Ubrique";16605;146;"038";"Sierra de Cádiz";"Cádiz";11
"Villaluenga del Rosario";455;147;"040";"Sierra de Cádiz";"Cádiz";11
"Villamartín";12134;148;"041";"Sierra de Cádiz";"Cádiz";11
"Zahara";1379;149;"042";"Sierra de Cádiz";"Cádiz";11
"Municipio de Cádiz sin especificar";0;150;NA;NA;NA;NA
"Córdoba (capital)";326039;151;"021";"Córdoba (distrito)";"Córdoba";14
"Aguilar de la Frontera";13382;152;"002";"Córdoba Sur";"Córdoba";14
"Almedinilla";2370;153;"004";"Córdoba Sur";"Córdoba";14
"Baena";19045;154;"007";"Córdoba Sur";"Córdoba";14
"Benamejí";4963;155;"010";"Córdoba Sur";"Córdoba";14
"Cabra";20347;156;"013";"Córdoba Sur";"Córdoba";14
"Carcabuey";2371;157;"015";"Córdoba Sur";"Córdoba";14
"Castro del Río";7767;158;"019";"Córdoba Sur";"Córdoba";14
"Doña Mencía";4615;159;"022";"Córdoba Sur";"Córdoba";14
"Encinas Reales";2254;160;"024";"Córdoba Sur";"Córdoba";14
"Espejo";3289;161;"025";"Córdoba Sur";"Córdoba";14
"Fernán-Núñez";9651;162;"027";"Córdoba Sur";"Córdoba";14
"Fuente-Tójar";666;163;"031";"Córdoba Sur";"Córdoba";14
"Guijarrosa (La)";1379;164;"902";"Córdoba Sur";"Córdoba";14
"Iznájar";4134;165;"037";"Córdoba Sur";"Córdoba";14
"Lucena";42733;166;"038";"Córdoba Sur";"Córdoba";14
"Luque";2976;167;"039";"Córdoba Sur";"Córdoba";14
"Montalbán de Córdoba";4467;168;"040";"Córdoba Sur";"Córdoba";14
"Montemayor";3856;169;"041";"Córdoba Sur";"Córdoba";14
"Montilla";22739;170;"042";"Córdoba Sur";"Córdoba";14
"Monturque";1943;171;"044";"Córdoba Sur";"Córdoba";14
"Moriles";3701;172;"045";"Córdoba Sur";"Córdoba";14
"Nueva Carteya";5341;173;"046";"Córdoba Sur";"Córdoba";14
"Palenciana";1465;174;"048";"Córdoba Sur";"Córdoba";14
"Priego de Córdoba";22367;175;"055";"Córdoba Sur";"Córdoba";14
"Puente Genil";29943;176;"056";"Córdoba Sur";"Córdoba";14
"Rambla (La)";7529;177;"057";"Córdoba Sur";"Córdoba";14
"Rute";9898;178;"058";"Córdoba Sur";"Córdoba";14
"Santaella";4614;179;"060";"Córdoba Sur";"Córdoba";14
"Zuheros";635;180;"075";"Córdoba Sur";"Córdoba";14
"Adamuz";4137;181;"001";"Guadalquivir";"Córdoba";14
"Almodóvar del Río";7932;182;"005";"Guadalquivir";"Córdoba";14
"Bujalance";7320;183;"012";"Guadalquivir";"Córdoba";14
"Cañete de las Torres";2923;184;"014";"Guadalquivir";"Córdoba";14
"Carlota (La)";14079;185;"017";"Guadalquivir";"Córdoba";14
"Carpio (El)";4363;186;"018";"Guadalquivir";"Córdoba";14
"Fuente Carreteros";1148;187;"901";"Guadalquivir";"Córdoba";14
"Fuente Palmera";9766;188;"030";"Guadalquivir";"Córdoba";14
"Guadalcázar";1559;189;"033";"Guadalquivir";"Córdoba";14
"Hornachuelos";4480;190;"036";"Guadalquivir";"Córdoba";14
"Montoro";9293;191;"043";"Guadalquivir";"Córdoba";14
"Obejo";2008;192;"047";"Guadalquivir";"Córdoba";14
"Palma del Río";20928;193;"049";"Guadalquivir";"Córdoba";14
"Pedro Abad";2815;194;"050";"Guadalquivir";"Córdoba";14
"Peñaflor";3639;195;"074";"Guadalquivir";"Córdoba";14
"Posadas";7318;196;"053";"Guadalquivir";"Córdoba";14
"San Sebastián de los Ballesteros";804;197;"059";"Guadalquivir";"Córdoba";14
"Valenzuela";1118;198;"063";"Guadalquivir";"Córdoba";14
"Victoria (La)";2289;199;"065";"Guadalquivir";"Córdoba";14
"Villa del Río";7067;200;"066";"Guadalquivir";"Córdoba";14
"Villafranca de Córdoba";4860;201;"067";"Guadalquivir";"Córdoba";14
"Villaharta";621;202;"068";"Guadalquivir";"Córdoba";14
"Villaviciosa de Córdoba";3200;203;"073";"Guadalquivir";"Córdoba";14
"Alcaracejos";1470;204;"003";"Córdoba Norte";"Córdoba";14
"Añora";1530;205;"006";"Córdoba Norte";"Córdoba";14
"Belalcázar";3235;206;"008";"Córdoba Norte";"Córdoba";14
"Belmez";2921;207;"009";"Córdoba Norte";"Córdoba";14
"Blázquez (Los)";664;208;"011";"Córdoba Norte";"Córdoba";14
"Cardeña";1471;209;"016";"Córdoba Norte";"Córdoba";14
"Conquista";366;210;"020";"Córdoba Norte";"Córdoba";14
"Dos Torres";2394;211;"023";"Córdoba Norte";"Córdoba";14
"Espiel";2405;212;"026";"Córdoba Norte";"Córdoba";14
"Fuente la Lancha";342;213;"028";"Córdoba Norte";"Córdoba";14
"Fuente Obejuna";4501;214;"029";"Córdoba Norte";"Córdoba";14
"Granjuela (La)";439;215;"032";"Córdoba Norte";"Córdoba";14
"Guijo (El)";352;216;"034";"Córdoba Norte";"Córdoba";14
"Hinojosa del Duque";6707;217;"035";"Córdoba Norte";"Córdoba";14
"Pedroche";1482;218;"051";"Córdoba Norte";"Córdoba";14
"Peñarroya-Pueblonuevo";10561;219;"052";"Córdoba Norte";"Córdoba";14
"Pozoblanco";17204;220;"054";"Córdoba Norte";"Córdoba";14
"Santa Eufemia";743;221;"061";"Córdoba Norte";"Córdoba";14
"Torrecampo";1040;222;"062";"Córdoba Norte";"Córdoba";14
"Valsequillo";348;223;"064";"Córdoba Norte";"Córdoba";14
"Villanueva de Córdoba";8671;224;"069";"Córdoba Norte";"Córdoba";14
"Villanueva del Duque";1448;225;"070";"Córdoba Norte";"Córdoba";14
"Villanueva del Rey";1015;226;"071";"Córdoba Norte";"Córdoba";14
"Villaralto";1118;227;"072";"Córdoba Norte";"Córdoba";14
"Viso (El)";2517;228;"074";"Córdoba Norte";"Córdoba";14
"Municipio de Córdoba sin especificar";0;229;NA;NA;NA;NA
"Albondón";712;230;"004";"Granada Sur";"Granada";18
"Albuñol";7353;231;"006";"Granada Sur";"Granada";18
"Almegíjar";337;232;"016";"Granada Sur";"Granada";18
"Almuñécar";25927;233;"017";"Granada Sur";"Granada";18
"Alpujarra de la Sierra";969;234;"904";"Granada Sur";"Granada";18
"Bérchules";712;235;"030";"Granada Sur";"Granada";18
"Bubión";298;236;"032";"Granada Sur";"Granada";18
"Busquístar";279;237;"033";"Granada Sur";"Granada";18
"Cádiar";1465;238;"035";"Granada Sur";"Granada";18
"Cáñar";377;239;"040";"Granada Sur";"Granada";18
"Capileira";563;240;"042";"Granada Sur";"Granada";18
"Carataunas";201;241;"043";"Granada Sur";"Granada";18
"Cástaras";235;242;"044";"Granada Sur";"Granada";18
"Guájares (Los)";1053;243;"906";"Granada Sur";"Granada";18
"Gualchos";5190;244;"093";"Granada Sur";"Granada";18
"Ítrabo";991;245;"103";"Granada Sur";"Granada";18
"Jete";927;246;"109";"Granada Sur";"Granada";18
"Juviles";135;247;"112";"Granada Sur";"Granada";18
"Lanjarón";3530;248;"116";"Granada Sur";"Granada";18
"Lentegí";333;249;"120";"Granada Sur";"Granada";18
"Lobras";133;250;"121";"Granada Sur";"Granada";18
"Lújar";483;251;"124";"Granada Sur";"Granada";18
"Molvízar";2772;252;"133";"Granada Sur";"Granada";18
"Motril";58460;253;"140";"Granada Sur";"Granada";18
"Murtas";455;254;"141";"Granada Sur";"Granada";18
"Nevada";1072;255;"903";"Granada Sur";"Granada";18
"Órgiva";5784;256;"147";"Granada Sur";"Granada";18
"Otívar";1011;257;"148";"Granada Sur";"Granada";18
"Pampaneira";317;258;"151";"Granada Sur";"Granada";18
"Polopos";1722;259;"162";"Granada Sur";"Granada";18
"Pórtugos";368;260;"163";"Granada Sur";"Granada";18
"Rubite";382;261;"170";"Granada Sur";"Granada";18
"Salobreña";12513;262;"173";"Granada Sur";"Granada";18
"Soportújar";264;263;"176";"Granada Sur";"Granada";18
"Sorvilán";527;264;"177";"Granada Sur";"Granada";18
"Taha (La)";670;265;"901";"Granada Sur";"Granada";18
"Torrenueva Costa";2796;266;"916";"Granada Sur";"Granada";18
"Torvizcón";625;267;"179";"Granada Sur";"Granada";18
"Trevélez";736;268;"180";"Granada Sur";"Granada";18
"Turón";232;269;"181";"Granada Sur";"Granada";18
"Ugíjar";2517;270;"182";"Granada Sur";"Granada";18
"Válor";677;271;"183";"Granada Sur";"Granada";18
"Vélez de Benaudalla";2890;272;"184";"Granada Sur";"Granada";18
"Alamedilla";569;273;"002";"Granada Nordeste";"Granada";18
"Albuñán";409;274;"005";"Granada Nordeste";"Granada";18
"Aldeire";630;275;"010";"Granada Nordeste";"Granada";18
"Alicún de Ortega";471;276;"015";"Granada Nordeste";"Granada";18
"Alquife";580;277;"018";"Granada Nordeste";"Granada";18
"Baza";20430;278;"023";"Granada Nordeste";"Granada";18
"Beas de Guadix";329;279;"025";"Granada Nordeste";"Granada";18
"Benalúa";3310;280;"027";"Granada Nordeste";"Granada";18
"Benamaurel";2260;281;"029";"Granada Nordeste";"Granada";18
"Calahorra (La)";668;282;"114";"Granada Nordeste";"Granada";18
"Caniles";4021;283;"039";"Granada Nordeste";"Granada";18
"Castilléjar";1321;284;"045";"Granada Nordeste";"Granada";18
"Castril";2020;285;"046";"Granada Nordeste";"Granada";18
"Cogollos de Guadix";642;286;"049";"Granada Nordeste";"Granada";18
"Cortes de Baza";1844;287;"053";"Granada Nordeste";"Granada";18
"Cortes y Graena";982;288;"054";"Granada Nordeste";"Granada";18
"Cuevas del Campo";1744;289;"912";"Granada Nordeste";"Granada";18
"Cúllar";4091;290;"056";"Granada Nordeste";"Granada";18
"Darro";1634;291;"063";"Granada Nordeste";"Granada";18
"Dehesas de Guadix";422;292;"064";"Granada Nordeste";"Granada";18
"Diezma";764;293;"067";"Granada Nordeste";"Granada";18
"Dólar";628;294;"069";"Granada Nordeste";"Granada";18
"Ferreira";301;295;"074";"Granada Nordeste";"Granada";18
"Fonelas";978;296;"076";"Granada Nordeste";"Granada";18
"Freila";939;297;"078";"Granada Nordeste";"Granada";18
"Galera";1071;298;"082";"Granada Nordeste";"Granada";18
"Gor";744;299;"085";"Granada Nordeste";"Granada";18
"Gorafe";383;300;"086";"Granada Nordeste";"Granada";18
"Guadix";18436;301;"089";"Granada Nordeste";"Granada";18
"Huélago";401;302;"096";"Granada Nordeste";"Granada";18
"Huéneja";1170;303;"097";"Granada Nordeste";"Granada";18
"Huéscar";7195;304;"098";"Granada Nordeste";"Granada";18
"Jérez del Marquesado";955;305;"108";"Granada Nordeste";"Granada";18
"Lanteira";564;306;"117";"Granada Nordeste";"Granada";18
"Lugros";310;307;"123";"Granada Nordeste";"Granada";18
"Marchal";414;308;"128";"Granada Nordeste";"Granada";18
"Morelábor";572;309;"909";"Granada Nordeste";"Granada";18
"Orce";1185;310;"146";"Granada Nordeste";"Granada";18
"Pedro Martínez";1138;311;"152";"Granada Nordeste";"Granada";18
"Peza (La)";1167;312;"154";"Granada Nordeste";"Granada";18
"Polícar";263;313;"161";"Granada Nordeste";"Granada";18
"Puebla de Don Fadrique";2238;314;"164";"Granada Nordeste";"Granada";18
"Purullena";2306;315;"167";"Granada Nordeste";"Granada";18
"Valle del Zalabí";2105;316;"907";"Granada Nordeste";"Granada";18
"Villanueva de las Torres";562;317;"187";"Granada Nordeste";"Granada";18
"Zújar";2544;318;"194";"Granada Nordeste";"Granada";18
"Beas de Granada";980;319;"024";"Granada (distrito)";"Granada";18
"Granada (capital)";233648;320;"087";"Granada (distrito)";"Granada";18
"Huétor de Santillán";1882;321;"099";"Granada (distrito)";"Granada";18
"Jun";3853;322;"111";"Granada (distrito)";"Granada";18
"Agrón";260;323;"001";"Metropolitano de Granada";"Granada";18
"Albolote";18962;324;"003";"Metropolitano de Granada";"Granada";18
"Albuñuelas";802;325;"007";"Metropolitano de Granada";"Granada";18
"Alfacar";5488;326;"011";"Metropolitano de Granada";"Granada";18
"Algarinejo";2467;327;"012";"Metropolitano de Granada";"Granada";18
"Alhama de Granada";5867;328;"013";"Metropolitano de Granada";"Granada";18
"Alhendín";9509;329;"014";"Metropolitano de Granada";"Granada";18
"Arenas del Rey";653;330;"020";"Metropolitano de Granada";"Granada";18
"Armilla";24340;331;"021";"Metropolitano de Granada";"Granada";18
"Atarfe";18960;332;"022";"Metropolitano de Granada";"Granada";18
"Benalúa de las Villas";1054;333;"028";"Metropolitano de Granada";"Granada";18
"Cacín";568;334;"034";"Metropolitano de Granada";"Granada";18
"Cájar";5205;335;"036";"Metropolitano de Granada";"Granada";18
"Calicasas";638;336;"037";"Metropolitano de Granada";"Granada";18
"Campotéjar";1229;337;"038";"Metropolitano de Granada";"Granada";18
"Cenes de la Vega";8153;338;"047";"Metropolitano de Granada";"Granada";18
"Chauchina";5552;339;"059";"Metropolitano de Granada";"Granada";18
"Chimeneas";1251;340;"061";"Metropolitano de Granada";"Granada";18
"Churriana de la Vega";15689;341;"062";"Metropolitano de Granada";"Granada";18
"Cijuela";3415;342;"048";"Metropolitano de Granada";"Granada";18
"Cogollos de la Vega";2007;343;"050";"Metropolitano de Granada";"Granada";18
"Colomera";1302;344;"051";"Metropolitano de Granada";"Granada";18
"Cúllar Vega";7547;345;"057";"Metropolitano de Granada";"Granada";18
"Dehesas Viejas";688;346;"065";"Metropolitano de Granada";"Granada";18
"Deifontes";2600;347;"066";"Metropolitano de Granada";"Granada";18
"Dílar";2092;348;"068";"Metropolitano de Granada";"Granada";18
"Domingo Pérez de Granada";878;349;"915";"Metropolitano de Granada";"Granada";18
"Dúdar";327;350;"070";"Metropolitano de Granada";"Granada";18
"Dúrcal";7111;351;"071";"Metropolitano de Granada";"Granada";18
"Escúzar";791;352;"072";"Metropolitano de Granada";"Granada";18
"Fornes";556;353;"077";"Metropolitano de Granada";"Granada";18
"Fuente Vaqueros";4384;354;"079";"Metropolitano de Granada";"Granada";18
"Gabias (Las)";21543;355;"905";"Metropolitano de Granada";"Granada";18
"Gobernador";229;356;"083";"Metropolitano de Granada";"Granada";18
"Gójar";5909;357;"084";"Metropolitano de Granada";"Granada";18
"Guadahortuna";1872;358;"088";"Metropolitano de Granada";"Granada";18
"Güéjar Sierra";2857;359;"094";"Metropolitano de Granada";"Granada";18
"Güevéjar";2640;360;"095";"Metropolitano de Granada";"Granada";18
"Huétor Tájar";10399;361;"100";"Metropolitano de Granada";"Granada";18
"Huétor Vega";12035;362;"101";"Metropolitano de Granada";"Granada";18
"Íllora";10065;363;"102";"Metropolitano de Granada";"Granada";18
"Iznalloz";5120;364;"105";"Metropolitano de Granada";"Granada";18
"Játar";623;365;"106";"Metropolitano de Granada";"Granada";18
"Jayena";1052;366;"107";"Metropolitano de Granada";"Granada";18
"Láchar";3513;367;"115";"Metropolitano de Granada";"Granada";18
"Lecrín";2156;368;"119";"Metropolitano de Granada";"Granada";18
"Loja";20419;369;"122";"Metropolitano de Granada";"Granada";18
"Malahá (La)";1784;370;"126";"Metropolitano de Granada";"Granada";18
"Maracena";22306;371;"127";"Metropolitano de Granada";"Granada";18
"Moclín";3622;372;"132";"Metropolitano de Granada";"Granada";18
"Monachil";8007;373;"134";"Metropolitano de Granada";"Granada";18
"Montefrío";5313;374;"135";"Metropolitano de Granada";"Granada";18
"Montejícar";2110;375;"136";"Metropolitano de Granada";"Granada";18
"Montillana";1129;376;"137";"Metropolitano de Granada";"Granada";18
"Moraleda de Zafayona";3117;377;"138";"Metropolitano de Granada";"Granada";18
"Nigüelas";1185;378;"143";"Metropolitano de Granada";"Granada";18
"Nívar";1036;379;"144";"Metropolitano de Granada";"Granada";18
"Ogíjares";14348;380;"145";"Metropolitano de Granada";"Granada";18
"Villa de Otura";6982;381;"149";"Metropolitano de Granada";"Granada";18
"Padul";8694;382;"150";"Metropolitano de Granada";"Granada";18
"Peligros";11492;383;"153";"Metropolitano de Granada";"Granada";18
"Pinar (El)";865;384;"910";"Metropolitano de Granada";"Granada";18
"Pinos Genil";1490;385;"157";"Metropolitano de Granada";"Granada";18
"Pinos Puente";9894;386;"158";"Metropolitano de Granada";"Granada";18
"Píñar";1103;387;"159";"Metropolitano de Granada";"Granada";18
"Pulianas";5466;388;"165";"Metropolitano de Granada";"Granada";18
"Quéntar";947;389;"168";"Metropolitano de Granada";"Granada";18
"Salar";2621;390;"171";"Metropolitano de Granada";"Granada";18
"Santa Cruz del Comercio";531;391;"174";"Metropolitano de Granada";"Granada";18
"Santa Fe";15222;392;"175";"Metropolitano de Granada";"Granada";18
"Torre-Cardela";716;393;"178";"Metropolitano de Granada";"Granada";18
"Valderrubio";2066;394;"914";"Metropolitano de Granada";"Granada";18
"Valle (El)";907;395;"902";"Metropolitano de Granada";"Granada";18
"Vegas del Genil";11432;396;"911";"Metropolitano de Granada";"Granada";18
"Ventas de Huelma";657;397;"185";"Metropolitano de Granada";"Granada";18
"Villamena";934;398;"908";"Metropolitano de Granada";"Granada";18
"Villanueva Mesía";2021;399;"188";"Metropolitano de Granada";"Granada";18
"Víznar";993;400;"189";"Metropolitano de Granada";"Granada";18
"Zafarraya";2120;401;"192";"Metropolitano de Granada";"Granada";18
"Zagra";885;402;"913";"Metropolitano de Granada";"Granada";18
"Zubia (La)";19330;403;"193";"Metropolitano de Granada";"Granada";18
"Municipio de Granada sin especificar";0;404;NA;NA;NA;NA
"Alájar";759;405;"001";"Sierra de Huelva-Andévalo Central";"Huelva";21
"Almonaster la Real";1788;406;"004";"Sierra de Huelva-Andévalo Central";"Huelva";21
"Aracena";8255;407;"007";"Sierra de Huelva-Andévalo Central";"Huelva";21
"Aroche";3054;408;"008";"Sierra de Huelva-Andévalo Central";"Huelva";21
"Berrocal";303;409;"012";"Sierra de Huelva-Andévalo Central";"Huelva";21
"Calañas";2768;410;"017";"Sierra de Huelva-Andévalo Central";"Huelva";21
"Campillo (El)";2024;411;"018";"Sierra de Huelva-Andévalo Central";"Huelva";21
"Campofrío";713;412;"019";"Sierra de Huelva-Andévalo Central";"Huelva";21
"Cañaveral de León";396;413;"020";"Sierra de Huelva-Andévalo Central";"Huelva";21
"Castaño del Robledo";228;414;"022";"Sierra de Huelva-Andévalo Central";"Huelva";21
"Cerro de Andévalo (El)";2327;415;"023";"Sierra de Huelva-Andévalo Central";"Huelva";21
"Corteconcepción";536;416;"024";"Sierra de Huelva-Andévalo Central";"Huelva";21
"Cortegana";4602;417;"025";"Sierra de Huelva-Andévalo Central";"Huelva";21
"Cortelazor";299;418;"026";"Sierra de Huelva-Andévalo Central";"Huelva";21
"Cumbres de Enmedio";51;419;"027";"Sierra de Huelva-Andévalo Central";"Huelva";21
"Cumbres de San Bartolomé";376;420;"028";"Sierra de Huelva-Andévalo Central";"Huelva";21
"Cumbres Mayores";1749;421;"029";"Sierra de Huelva-Andévalo Central";"Huelva";21
"Encinasola";1310;422;"031";"Sierra de Huelva-Andévalo Central";"Huelva";21
"Fuenteheridos";709;423;"033";"Sierra de Huelva-Andévalo Central";"Huelva";21
"Galaroza";1382;424;"034";"Sierra de Huelva-Andévalo Central";"Huelva";21
"Granada de Río-Tinto (La)";243;425;"036";"Sierra de Huelva-Andévalo Central";"Huelva";21
"Higuera de la Sierra";1291;426;"038";"Sierra de Huelva-Andévalo Central";"Huelva";21
"Hinojales";330;427;"039";"Sierra de Huelva-Andévalo Central";"Huelva";21
"Jabugo";2260;428;"043";"Sierra de Huelva-Andévalo Central";"Huelva";21
"Linares de la Sierra";262;429;"045";"Sierra de Huelva-Andévalo Central";"Huelva";21
"Marines (Los)";399;430;"048";"Sierra de Huelva-Andévalo Central";"Huelva";21
"Minas de Riotinto";3812;431;"049";"Sierra de Huelva-Andévalo Central";"Huelva";21
"Nava (La)";258;432;"051";"Sierra de Huelva-Andévalo Central";"Huelva";21
"Nerva";5169;433;"052";"Sierra de Huelva-Andévalo Central";"Huelva";21
"Puerto Moral";278;434;"059";"Sierra de Huelva-Andévalo Central";"Huelva";21
"Rosal de la Frontera";1697;435;"062";"Sierra de Huelva-Andévalo Central";"Huelva";21
"Santa Ana la Real";475;436;"067";"Sierra de Huelva-Andévalo Central";"Huelva";21
"Valdelarco";231;437;"071";"Sierra de Huelva-Andévalo Central";"Huelva";21
"Valverde del Camino";12750;438;"072";"Sierra de Huelva-Andévalo Central";"Huelva";21
"Zalamea la Real";3054;439;"078";"Sierra de Huelva-Andévalo Central";"Huelva";21
"Zarza-Perrunal (La)";1253;440;"902";"Sierra de Huelva-Andévalo Central";"Huelva";21
"Almonte";24507;441;"005";"Condado-Campiña";"Huelva";21
"Beas";4341;442;"011";"Condado-Campiña";"Huelva";21
"Bollullos Par del Condado";14387;443;"013";"Condado-Campiña";"Huelva";21
"Bonares";6060;444;"014";"Condado-Campiña";"Huelva";21
"Escacena del Campo";2287;445;"032";"Condado-Campiña";"Huelva";21
"Gibraleón";12737;446;"035";"Condado-Campiña";"Huelva";21
"Lucena del Puerto";3261;447;"046";"Condado-Campiña";"Huelva";21
"Manzanilla";2118;448;"047";"Condado-Campiña";"Huelva";21
"Moguer";21867;449;"050";"Condado-Campiña";"Huelva";21
"Niebla";4116;450;"053";"Condado-Campiña";"Huelva";21
"Palma del Condado (La)";10801;451;"054";"Condado-Campiña";"Huelva";21
"Palos de la Frontera";11742;452;"055";"Condado-Campiña";"Huelva";21
"Paterna del Campo";3457;453;"056";"Condado-Campiña";"Huelva";21
"Rociana del Condado";7939;454;"061";"Condado-Campiña";"Huelva";21
"San Bartolomé de la Torre";3761;455;"063";"Condado-Campiña";"Huelva";21
"San Juan del Puerto";9411;456;"064";"Condado-Campiña";"Huelva";21
"Trigueros";7862;457;"070";"Condado-Campiña";"Huelva";21
"Villalba del Alcor";3366;458;"074";"Condado-Campiña";"Huelva";21
"Villarrasa";2211;459;"077";"Condado-Campiña";"Huelva";21
"Aljaraque";21474;460;"002";"Huelva-Costa";"Huelva";21
"Almendro (El)";840;461;"003";"Huelva-Costa";"Huelva";21
"Alosno";3933;462;"006";"Huelva-Costa";"Huelva";21
"Ayamonte";21104;463;"010";"Huelva-Costa";"Huelva";21
"Cabezas Rubias";706;464;"015";"Huelva-Costa";"Huelva";21
"Cartaya";20083;465;"021";"Huelva-Costa";"Huelva";21
"Granado (El)";532;466;"037";"Huelva-Costa";"Huelva";21
"Huelva (capital)";143837;467;"041";"Huelva-Costa";"Huelva";21
"Isla Cristina";21393;468;"042";"Huelva-Costa";"Huelva";21
"Lepe";27880;469;"044";"Huelva-Costa";"Huelva";21
"Paymogo";1162;470;"057";"Huelva-Costa";"Huelva";21
"Puebla de Guzmán";3092;471;"058";"Huelva-Costa";"Huelva";21
"Punta Umbría";15355;472;"060";"Huelva-Costa";"Huelva";21
"San Silvestre de Guzmán";614;473;"066";"Huelva-Costa";"Huelva";21
"Sanlúcar de Guadiana";403;474;"065";"Huelva-Costa";"Huelva";21
"Santa Bárbara de Casa";1043;475;"068";"Huelva-Costa";"Huelva";21
"Villablanca";2885;476;"073";"Huelva-Costa";"Huelva";21
"Villanueva de las Cruces";387;477;"075";"Huelva-Costa";"Huelva";21
"Villanueva de los Castillejos";2825;478;"076";"Huelva-Costa";"Huelva";21
"Municipio de Huelva sin especificar";0;479;NA;NA;NA;NA
"Alcalá la Real";21709;480;"002";"Jaén Sur";"Jaén";23
"Alcaudete";10483;481;"003";"Jaén Sur";"Jaén";23
"Castillo de Locubín";4049;482;"026";"Jaén Sur";"Jaén";23
"Frailes";1585;483;"033";"Jaén Sur";"Jaén";23
"Fuensanta de Martos";3038;484;"034";"Jaén Sur";"Jaén";23
"Higuera de Calatrava";614;485;"041";"Jaén Sur";"Jaén";23
"Lopera";3652;486;"056";"Jaén Sur";"Jaén";23
"Martos";24343;487;"060";"Jaén Sur";"Jaén";23
"Porcuna";6156;488;"069";"Jaén Sur";"Jaén";23
"Santiago de Calatrava";675;489;"077";"Jaén Sur";"Jaén";23
"Torredonjimeno";13632;490;"087";"Jaén Sur";"Jaén";23
"Villardompardo";968;491;"098";"Jaén Sur";"Jaén";23
"Albanchez de Mágina";1011;492;"001";"Jaén (distrito)";"Jaén";23
"Bélmez de la Moraleda";1569;493;"015";"Jaén (distrito)";"Jaén";23
"Cabra del Santo Cristo";1782;494;"017";"Jaén (distrito)";"Jaén";23
"Cambil";2683;495;"018";"Jaén (distrito)";"Jaén";23
"Campillo de Arenas";1751;496;"019";"Jaén (distrito)";"Jaén";23
"Cárcheles";1332;497;"901";"Jaén (distrito)";"Jaén";23
"Cazalilla";803;498;"027";"Jaén (distrito)";"Jaén";23
"Espeluy";620;499;"032";"Jaén (distrito)";"Jaén";23
"Fuerte del Rey";1355;500;"035";"Jaén (distrito)";"Jaén";23
"Guardia de Jaén (La)";4983;501;"038";"Jaén (distrito)";"Jaén";23
"Huelma";5744;502;"044";"Jaén (distrito)";"Jaén";23
"Jaén (capital)";112757;503;"050";"Jaén (distrito)";"Jaén";23
"Jamilena";3271;504;"051";"Jaén (distrito)";"Jaén";23
"Jimena";1269;505;"052";"Jaén (distrito)";"Jaén";23
"Mancha Real";11328;506;"058";"Jaén (distrito)";"Jaén";23
"Mengíbar";9997;507;"061";"Jaén (distrito)";"Jaén";23
"Noalejo";1932;508;"064";"Jaén (distrito)";"Jaén";23
"Pegalajar";2875;509;"067";"Jaén (distrito)";"Jaén";23
"Torredelcampo";14142;510;"086";"Jaén (distrito)";"Jaén";23
"Torres";1372;511;"090";"Jaén (distrito)";"Jaén";23
"Valdepeñas de Jaén";3679;512;"093";"Jaén (distrito)";"Jaén";23
"Villares (Los)";6020;513;"099";"Jaén (distrito)";"Jaén";23
"Villatorres";4298;514;"903";"Jaén (distrito)";"Jaén";23
"Aldeaquemada";476;515;"004";"Jaén Norte";"Jaén";23
"Andújar";36615;516;"005";"Jaén Norte";"Jaén";23
"Arjona";5515;517;"006";"Jaén Norte";"Jaén";23
"Arjonilla";3571;518;"007";"Jaén Norte";"Jaén";23
"Arquillos";1722;519;"008";"Jaén Norte";"Jaén";23
"Bailén";17548;520;"010";"Jaén Norte";"Jaén";23
"Baños de la Encina";2576;521;"011";"Jaén Norte";"Jaén";23
"Carboneros";591;522;"021";"Jaén Norte";"Jaén";23
"Carolina (La)";15160;523;"024";"Jaén Norte";"Jaén";23
"Castellar";3292;524;"025";"Jaén Norte";"Jaén";23
"Chiclana de Segura";955;525;"029";"Jaén Norte";"Jaén";23
"Escañuela";944;526;"031";"Jaén Norte";"Jaén";23
"Guarromán";2739;527;"039";"Jaén Norte";"Jaén";23
"Jabalquinto";2017;528;"049";"Jaén Norte";"Jaén";23
"Lahiguera";1686;529;"040";"Jaén Norte";"Jaén";23
"Linares";57353;530;"055";"Jaén Norte";"Jaén";23
"Marmolejo";6763;531;"059";"Jaén Norte";"Jaén";23
"Montizón";1689;532;"062";"Jaén Norte";"Jaén";23
"Navas de San Juan";4528;533;"063";"Jaén Norte";"Jaén";23
"Santa Elena";890;534;"076";"Jaén Norte";"Jaén";23
"Santisteban del Puerto";4463;535;"079";"Jaén Norte";"Jaén";23
"Sorihuela del Guadalimar";1098;536;"084";"Jaén Norte";"Jaén";23
"Torreblascopedro";2508;537;"085";"Jaén Norte";"Jaén";23
"Vilches";4409;538;"094";"Jaén Norte";"Jaén";23
"Villanueva de la Reina";3038;539;"096";"Jaén Norte";"Jaén";23
"Arroyo del Ojanco";2287;540;"905";"Jaén Nordeste";"Jaén";23
"Beas de Segura";5100;541;"012";"Jaén Nordeste";"Jaén";23
"Bedmar y Garcíez";2633;542;"902";"Jaén Nordeste";"Jaén";23
"Begíjar";3009;543;"014";"Jaén Nordeste";"Jaén";23
"Benatae";445;544;"016";"Jaén Nordeste";"Jaén";23
"Canena";1814;545;"020";"Jaén Nordeste";"Jaén";23
"Cazorla";7352;546;"028";"Jaén Nordeste";"Jaén";23
"Chilluévar";1410;547;"030";"Jaén Nordeste";"Jaén";23
"Génave";590;548;"037";"Jaén Nordeste";"Jaén";23
"Hinojares";373;549;"042";"Jaén Nordeste";"Jaén";23
"Hornos";594;550;"043";"Jaén Nordeste";"Jaén";23
"Huesa";2490;551;"045";"Jaén Nordeste";"Jaén";23
"Ibros";2827;552;"046";"Jaén Nordeste";"Jaén";23
"Baeza";15791;553;"009";"Jaén Nordeste";"Jaén";23
"Iruela (La)";1879;554;"047";"Jaén Nordeste";"Jaén";23
"Iznatoraf";942;555;"048";"Jaén Nordeste";"Jaén";23
"Jódar";11634;556;"053";"Jaén Nordeste";"Jaén";23
"Larva";474;557;"054";"Jaén Nordeste";"Jaén";23
"Lupión";820;558;"057";"Jaén Nordeste";"Jaén";23
"Orcera";1791;559;"065";"Jaén Nordeste";"Jaén";23
"Peal de Becerro";5240;560;"066";"Jaén Nordeste";"Jaén";23
"Pozo Alcón";4731;561;"070";"Jaén Nordeste";"Jaén";23
"Puente de Génave";2159;562;"071";"Jaén Nordeste";"Jaén";23
"Puerta de Segura (La)";2234;563;"072";"Jaén Nordeste";"Jaén";23
"Quesada";5196;564;"073";"Jaén Nordeste";"Jaén";23
"Rus";3531;565;"074";"Jaén Nordeste";"Jaén";23
"Sabiote";3886;566;"075";"Jaén Nordeste";"Jaén";23
"Santiago-Pontones";2911;567;"904";"Jaén Nordeste";"Jaén";23
"Santo Tomé";2129;568;"080";"Jaén Nordeste";"Jaén";23
"Segura de la Sierra";1803;569;"081";"Jaén Nordeste";"Jaén";23
"Siles";2220;570;"082";"Jaén Nordeste";"Jaén";23
"Torreperogil";7222;571;"088";"Jaén Nordeste";"Jaén";23
"Torres de Albánchez";770;572;"091";"Jaén Nordeste";"Jaén";23
"Úbeda";34329;573;"092";"Jaén Nordeste";"Jaén";23
"Villacarrillo";10673;574;"095";"Jaén Nordeste";"Jaén";23
"Villanueva del Arzobispo";8078;575;"097";"Jaén Nordeste";"Jaén";23
"Villarrodrigo";391;576;"101";"Jaén Nordeste";"Jaén";23
"Municipio de Jaén sin especificar";0;577;NA;NA;NA;NA
"Alcaucín";2279;578;"002";"Axarquía";"Málaga";29
"Alfarnate";1065;579;"003";"Axarquía";"Málaga";29
"Alfarnatejo";364;580;"004";"Axarquía";"Málaga";29
"Algarrobo";6556;581;"005";"Axarquía";"Málaga";29
"Almáchar";1817;582;"009";"Axarquía";"Málaga";29
"Árchez";385;583;"016";"Axarquía";"Málaga";29
"Arenas";1177;584;"019";"Axarquía";"Málaga";29
"Benamargosa";1535;585;"026";"Axarquía";"Málaga";29
"Benamocarra";3046;586;"027";"Axarquía";"Málaga";29
"Borge (El)";922;587;"030";"Axarquía";"Málaga";29
"Canillas de Aceituno";1680;588;"033";"Axarquía";"Málaga";29
"Canillas de Albaida";759;589;"034";"Axarquía";"Málaga";29
"Casabermeja";3629;590;"039";"Axarquía";"Málaga";29
"Colmenar";3409;591;"043";"Axarquía";"Málaga";29
"Comares";1330;592;"044";"Axarquía";"Málaga";29
"Cómpeta";3967;593;"045";"Axarquía";"Málaga";29
"Cútar";616;594;"050";"Axarquía";"Málaga";29
"Frigiliana";3062;595;"053";"Axarquía";"Málaga";29
"Iznate";907;596;"062";"Axarquía";"Málaga";29
"Nerja";21144;597;"075";"Axarquía";"Málaga";29
"Periana";3089;598;"079";"Axarquía";"Málaga";29
"Riogordo";2723;599;"083";"Axarquía";"Málaga";29
"Salares";173;600;"085";"Axarquía";"Málaga";29
"Sayalonga";1568;601;"086";"Axarquía";"Málaga";29
"Sedella";576;602;"087";"Axarquía";"Málaga";29
"Torrox";17943;603;"091";"Axarquía";"Málaga";29
"Vélez-Málaga";82365;604;"094";"Axarquía";"Málaga";29
"Viñuela";2055;605;"099";"Axarquía";"Málaga";29
"Benahavís";7748;606;"023";"Costa del Sol";"Málaga";29
"Benalmádena";69144;607;"025";"Costa del Sol";"Málaga";29
"Casares";6883;608;"041";"Costa del Sol";"Málaga";29
"Estepona";70228;609;"051";"Costa del Sol";"Málaga";29
"Fuengirola";82837;610;"054";"Costa del Sol";"Málaga";29
"Istán";1494;611;"061";"Costa del Sol";"Málaga";29
"Manilva";16439;612;"068";"Costa del Sol";"Málaga";29
"Marbella";147633;613;"069";"Costa del Sol";"Málaga";29
"Mijas";85397;614;"070";"Costa del Sol";"Málaga";29
"Ojén";3816;615;"076";"Costa del Sol";"Málaga";29
"Torremolinos";69166;616;"901";"Costa del Sol";"Málaga";29
"Alameda";5387;617;"001";"La Vega";"Málaga";29
"Almargen";1947;618;"010";"La Vega";"Málaga";29
"Antequera";41318;619;"015";"La Vega";"Málaga";29
"Archidona";8168;620;"017";"La Vega";"Málaga";29
"Campillos";8387;621;"032";"La Vega";"Málaga";29
"Cañete la Real";1633;622;"035";"La Vega";"Málaga";29
"Cuevas Bajas";1370;623;"047";"La Vega";"Málaga";29
"Cuevas de San Marcos";3601;624;"049";"La Vega";"Málaga";29
"Fuente de Piedra";2662;625;"055";"La Vega";"Málaga";29
"Humilladero";3297;626;"059";"La Vega";"Málaga";29
"Mollina";5276;627;"072";"La Vega";"Málaga";29
"Sierra de Yeguas";3318;628;"088";"La Vega";"Málaga";29
"Teba";3744;629;"089";"La Vega";"Málaga";29
"Valle de Abdalajís";2502;630;"093";"La Vega";"Málaga";29
"Villanueva de Algaidas";4148;631;"095";"La Vega";"Málaga";29
"Villanueva de la Concepción";3288;632;"902";"La Vega";"Málaga";29
"Villanueva de Tapia";1460;633;"098";"La Vega";"Málaga";29
"Villanueva del Rosario";3362;634;"096";"La Vega";"Málaga";29
"Villanueva del Trabuco";5308;635;"097";"La Vega";"Málaga";29
"Almogía";3792;636;"011";"Málaga (distrito)";"Málaga";29
"Macharaviaya";513;637;"066";"Málaga (distrito)";"Málaga";29
"Málaga (capital)";578460;638;"067";"Málaga (distrito)";"Málaga";29
"Moclinejo";1251;639;"071";"Málaga (distrito)";"Málaga";29
"Rincón de la Victoria";48768;640;"082";"Málaga (distrito)";"Málaga";29
"Totalán";737;641;"092";"Málaga (distrito)";"Málaga";29
"Algatocín";814;642;"006";"Serranía";"Málaga";29
"Alpandeire";263;643;"014";"Serranía";"Málaga";29
"Arriate";4082;644;"020";"Serranía";"Málaga";29
"Atajate";169;645;"021";"Serranía";"Málaga";29
"Benadalid";233;646;"022";"Serranía";"Málaga";29
"Benalauría";438;647;"024";"Serranía";"Málaga";29
"Benaoján";1453;648;"028";"Serranía";"Málaga";29
"Benarrabá";446;649;"029";"Serranía";"Málaga";29
"Burgo (El)";1792;650;"031";"Serranía";"Málaga";29
"Cartajima";242;651;"037";"Serranía";"Málaga";29
"Cortes de la Frontera";3065;652;"046";"Serranía";"Málaga";29
"Cuevas del Becerro";1597;653;"048";"Serranía";"Málaga";29
"Faraján";261;654;"052";"Serranía";"Málaga";29
"Gaucín";1589;655;"056";"Serranía";"Málaga";29
"Genalguacil";393;656;"057";"Serranía";"Málaga";29
"Igualeja";752;657;"060";"Serranía";"Málaga";29
"Jimera de Líbar";379;658;"063";"Serranía";"Málaga";29
"Jubrique";523;659;"064";"Serranía";"Málaga";29
"Júzcar";214;660;"065";"Serranía";"Málaga";29
"Montecorto";586;661;"903";"Serranía";"Málaga";29
"Montejaque";949;662;"074";"Serranía";"Málaga";29
"Parauta";239;663;"077";"Serranía";"Málaga";29
"Pujerra";308;664;"081";"Serranía";"Málaga";29
"Ronda";33730;665;"084";"Serranía";"Málaga";29
"Serrato";482;666;"904";"Serranía";"Málaga";29
"Alhaurín de la Torre";41170;667;"007";"Valle del Guadalhorce";"Málaga";29
"Alhaurín el Grande";25358;668;"008";"Valle del Guadalhorce";"Málaga";29
"Álora";13112;669;"012";"Valle del Guadalhorce";"Málaga";29
"Alozaina";2061;670;"013";"Valle del Guadalhorce";"Málaga";29
"Ardales";2506;671;"018";"Valle del Guadalhorce";"Málaga";29
"Carratraca";740;672;"036";"Valle del Guadalhorce";"Málaga";29
"Cártama";26738;673;"038";"Valle del Guadalhorce";"Málaga";29
"Casarabonela";2514;674;"040";"Valle del Guadalhorce";"Málaga";29
"Coín";22673;675;"042";"Valle del Guadalhorce";"Málaga";29
"Guaro";2280;676;"058";"Valle del Guadalhorce";"Málaga";29
"Monda";2697;677;"073";"Valle del Guadalhorce";"Málaga";29
"Pizarra";9444;678;"080";"Valle del Guadalhorce";"Málaga";29
"Tolox";2136;679;"090";"Valle del Guadalhorce";"Málaga";29
"Yunquera";2869;680;"100";"Valle del Guadalhorce";"Málaga";29
"Municipio de Málaga sin especificar";0;681;NA;NA;NA;NA
"Albaida del Aljarafe";3201;682;"003";"Aljarafe";"Sevilla";41
"Almensilla";6175;683;"010";"Aljarafe";"Sevilla";41
"Aznalcázar";4588;684;"012";"Aljarafe";"Sevilla";41
"Aznalcóllar";6083;685;"013";"Aljarafe";"Sevilla";41
"Benacazón";7222;686;"015";"Aljarafe";"Sevilla";41
"Bollullos de la Mitación";10931;687;"016";"Aljarafe";"Sevilla";41
"Bormujos";22180;688;"017";"Aljarafe";"Sevilla";41
"Camas";27560;689;"021";"Aljarafe";"Sevilla";41
"Carrión de los Céspedes";2547;690;"025";"Aljarafe";"Sevilla";41
"Castilleja de Guzmán";2833;691;"028";"Aljarafe";"Sevilla";41
"Castilleja de la Cuesta";17516;692;"029";"Aljarafe";"Sevilla";41
"Castilleja del Campo";640;693;"030";"Aljarafe";"Sevilla";41
"Chucena";2223;694;"030";"Aljarafe";"Sevilla";41
"Coria del Río";30908;695;"034";"Aljarafe";"Sevilla";41
"Espartinas";15824;696;"040";"Aljarafe";"Sevilla";41
"Gelves";10193;697;"044";"Aljarafe";"Sevilla";41
"Gines";13428;698;"047";"Aljarafe";"Sevilla";41
"Hinojos";3961;699;"040";"Aljarafe";"Sevilla";41
"Huévar del Aljarafe";3060;700;"051";"Aljarafe";"Sevilla";41
"Isla Mayor";5825;701;"902";"Aljarafe";"Sevilla";41
"Mairena del Aljarafe";46555;702;"059";"Aljarafe";"Sevilla";41
"Olivares";9466;703;"067";"Aljarafe";"Sevilla";41
"Palomares del Río";8843;704;"070";"Aljarafe";"Sevilla";41
"Pilas";13952;705;"075";"Aljarafe";"Sevilla";41
"Puebla del Río (La)";11920;706;"079";"Aljarafe";"Sevilla";41
"Salteras";5564;707;"085";"Aljarafe";"Sevilla";41
"San Juan de Aznalfarache";21774;708;"086";"Aljarafe";"Sevilla";41
"Sanlúcar la Mayor";13943;709;"087";"Aljarafe";"Sevilla";41
"Santiponce";8538;710;"089";"Aljarafe";"Sevilla";41
"Tomares";25455;711;"093";"Aljarafe";"Sevilla";41
"Umbrete";9000;712;"094";"Aljarafe";"Sevilla";41
"Valencina de la Concepción";7776;713;"096";"Aljarafe";"Sevilla";41
"Villamanrique de la Condesa";4477;714;"097";"Aljarafe";"Sevilla";41
"Villanueva del Ariscal";6591;715;"098";"Aljarafe";"Sevilla";41
"Sevilla (capital)";691395;716;"091";"Sevilla (distrito)";"Sevilla";41
"Aguadulce";2035;717;"001";"Sevilla Este";"Sevilla";41
"Algámitas";1253;718;"008";"Sevilla Este";"Sevilla";41
"Badolatosa";3079;719;"014";"Sevilla Este";"Sevilla";41
"Cañada Rosal";3325;720;"901";"Sevilla Este";"Sevilla";41
"Casariche";5429;721;"026";"Sevilla Este";"Sevilla";41
"Corrales (Los)";3938;722;"037";"Sevilla Este";"Sevilla";41
"Écija";39893;723;"039";"Sevilla Este";"Sevilla";41
"Estepa";12497;724;"041";"Sevilla Este";"Sevilla";41
"Fuentes de Andalucía";7152;725;"042";"Sevilla Este";"Sevilla";41
"Gilena";3727;726;"046";"Sevilla Este";"Sevilla";41
"Herrera";6464;727;"050";"Sevilla Este";"Sevilla";41
"Lantejuela";3846;728;"052";"Sevilla Este";"Sevilla";41
"Lora de Estepa";873;729;"054";"Sevilla Este";"Sevilla";41
"Luisiana (La)";4578;730;"056";"Sevilla Este";"Sevilla";41
"Marchena";19329;731;"060";"Sevilla Este";"Sevilla";41
"Marinaleda";2592;732;"061";"Sevilla Este";"Sevilla";41
"Martín de la Jara";2665;733;"062";"Sevilla Este";"Sevilla";41
"Osuna";17621;734;"068";"Sevilla Este";"Sevilla";41
"Pedrera";5158;735;"072";"Sevilla Este";"Sevilla";41
"Puebla de Cazalla (La)";10932;736;"077";"Sevilla Este";"Sevilla";41
"Roda de Andalucía (La)";4175;737;"082";"Sevilla Este";"Sevilla";41
"Rubio (El)";3369;738;"084";"Sevilla Este";"Sevilla";41
"Saucejo (El)";4235;739;"090";"Sevilla Este";"Sevilla";41
"Villanueva de San Juan";1090;740;"100";"Sevilla Este";"Sevilla";41
"Alanís";1706;741;"002";"Sevilla Norte";"Sevilla";41
"Alcalá del Río";12186;742;"005";"Sevilla Norte";"Sevilla";41
"Alcolea del Río";3347;743;"006";"Sevilla Norte";"Sevilla";41
"Algaba (La)";16503;744;"007";"Sevilla Norte";"Sevilla";41
"Almadén de la Plata";1307;745;"009";"Sevilla Norte";"Sevilla";41
"Arroyomolinos de León";947;746;"009";"Sevilla Norte";"Sevilla";41
"Brenes";12501;747;"018";"Sevilla Norte";"Sevilla";41
"Burguillos";6766;748;"019";"Sevilla Norte";"Sevilla";41
"Cala";1159;749;"016";"Sevilla Norte";"Sevilla";41
"Campana (La)";5238;750;"022";"Sevilla Norte";"Sevilla";41
"Cantillana";10736;751;"023";"Sevilla Norte";"Sevilla";41
"Carmona";28834;752;"024";"Sevilla Norte";"Sevilla";41
"Castilblanco de los Arroyos";4899;753;"027";"Sevilla Norte";"Sevilla";41
"Castillo de las Guardas (El)";1468;754;"031";"Sevilla Norte";"Sevilla";41
"Cazalla de la Sierra";4684;755;"032";"Sevilla Norte";"Sevilla";41
"Constantina";5864;756;"033";"Sevilla Norte";"Sevilla";41
"Garrobo (El)";782;757;"043";"Sevilla Norte";"Sevilla";41
"Gerena";7674;758;"045";"Sevilla Norte";"Sevilla";41
"Guadalcanal";2608;759;"048";"Sevilla Norte";"Sevilla";41
"Guillena";12903;760;"049";"Sevilla Norte";"Sevilla";41
"Lora del Río";18630;761;"055";"Sevilla Norte";"Sevilla";41
"Madroño (El)";287;762;"057";"Sevilla Norte";"Sevilla";41
"Mairena del Alcor";23698;763;"058";"Sevilla Norte";"Sevilla";41
"Navas de la Concepción (Las)";1542;764;"066";"Sevilla Norte";"Sevilla";41
"Pedroso (El)";2009;765;"073";"Sevilla Norte";"Sevilla";41
"Puebla de los Infantes (La)";2980;766;"078";"Sevilla Norte";"Sevilla";41
"Real de la Jara (El)";1494;767;"080";"Sevilla Norte";"Sevilla";41
"Rinconada (La)";39062;768;"081";"Sevilla Norte";"Sevilla";41
"Ronquillo (El)";1377;769;"083";"Sevilla Norte";"Sevilla";41
"San Nicolás del Puerto";596;770;"088";"Sevilla Norte";"Sevilla";41
"Santa Olalla del Cala";2022;771;"069";"Sevilla Norte";"Sevilla";41
"Tocina";9486;772;"092";"Sevilla Norte";"Sevilla";41
"Villanueva del Río y Minas";4847;773;"099";"Sevilla Norte";"Sevilla";41
"Villaverde del Río";7842;774;"101";"Sevilla Norte";"Sevilla";41
"Viso del Alcor (El)";19324;775;"102";"Sevilla Norte";"Sevilla";41
"Zufre";796;776;"079";"Sevilla Norte";"Sevilla";41
"Alcalá de Guadaíra";75533;777;"004";"Sevilla Sur";"Sevilla";41
"Arahal";19533;778;"011";"Sevilla Sur";"Sevilla";41
"Cabezas de San Juan (Las)";16358;779;"020";"Sevilla Sur";"Sevilla";41
"Coripe";1238;780;"035";"Sevilla Sur";"Sevilla";41
"Coronil (El)";4717;781;"036";"Sevilla Sur";"Sevilla";41
"Cuervo de Sevilla (El)";8656;782;"903";"Sevilla Sur";"Sevilla";41
"Dos Hermanas";135050;783;"038";"Sevilla Sur";"Sevilla";41
"Lebrija";27578;784;"053";"Sevilla Sur";"Sevilla";41
"Molares (Los)";3518;785;"063";"Sevilla Sur";"Sevilla";41
"Montellano";7053;786;"064";"Sevilla Sur";"Sevilla";41
"Morón de la Frontera";27633;787;"065";"Sevilla Sur";"Sevilla";41
"Palacios y Villafranca (Los)";38548;788;"069";"Sevilla Sur";"Sevilla";41
"Palmar de Troya (El)";2343;789;"904";"Sevilla Sur";"Sevilla";41
"Paradas";6857;790;"071";"Sevilla Sur";"Sevilla";41
"Pruna";2605;791;"076";"Sevilla Sur";"Sevilla";41
"Utrera";50962;792;"095";"Sevilla Sur";"Sevilla";41
"Municipio de Sevilla sin especificar";0;793;NA;NA;NA;NA
