"Lugar de residencia";"Población";"Confirmados PDIA";"Confirmados PDIA 14 días";"Tasa PDIA 14 días";"Confirmados PDIA 7 días";"Total Confirmados";"Curados";"Fallecidos";"Fecha"
"Abla";"1248";"52";"2";"160.25641025641025";"0";"52";"47";"3";"17/06/2021"
"Abrucena";"1183";"66";"1";"84.530853761622993";"1";"66";"64";"1";"17/06/2021"
"Alboloduy";"609";"22";"0";"0";"0";"22";"21";"1";"17/06/2021"
"Alcudia de Monteagud";"138";"0";"0";"0";"0";"0";"0";"0";"17/06/2021"
"Alhabia";"677";"19";"1";"147.71048744460856";"0";"20";"19";"0";"17/06/2021"
"Alhama de Almería";"3691";"299";"0";"0";"0";"301";"293";"7";"17/06/2021"
"Alicún";"201";"7";"0";"0";"0";"7";"6";"0";"17/06/2021"
"Almería (capital)";"201322";"17570";"183";"90.899156575038987";"97";"17725";"17208";"227";"17/06/2021"
"Almócita";"176";"5";"0";"0";"0";"5";"4";"1";"17/06/2021"
"Alsodux";"125";"1";"0";"0";"0";"1";"1";"0";"17/06/2021"
"Beires";"120";"5";"0";"0";"0";"5";"5";"0";"17/06/2021"
"Benahadux";"4481";"405";"0";"0";"0";"406";"401";"3";"17/06/2021"
"Benitagla";"58";"0";"0";"0";"0";"0";"0";"0";"17/06/2021"
"Benizalón";"262";"2";"0";"0";"0";"2";"2";"0";"17/06/2021"
"Bentarique";"240";"14";"0";"0";"0";"14";"14";"0";"17/06/2021"
"Canjáyar";"1189";"34";"0";"0";"0";"34";"33";"1";"17/06/2021"
"Carboneras";"8105";"744";"1";"12.338062924120914";"1";"746";"731";"12";"17/06/2021"
"Castro de Filabres";"120";"1";"0";"0";"0";"1";"1";"0";"17/06/2021"
"Fiñana";"1984";"235";"0";"0";"0";"235";"229";"5";"17/06/2021"
"Gádor";"3034";"221";"0";"0";"0";"222";"221";"0";"17/06/2021"
"Gérgal";"1080";"46";"0";"0";"0";"46";"41";"4";"17/06/2021"
"Huécija";"486";"18";"0";"0";"0";"18";"18";"0";"17/06/2021"
"Huércal de Almería";"17917";"1353";"13";"72.556789641122961";"7";"1360";"1325";"18";"17/06/2021"
"Íllar";"405";"60";"0";"0";"0";"62";"51";"11";"17/06/2021"
"Instinción";"448";"47";"0";"0";"0";"47";"46";"1";"17/06/2021"
"Lubrín";"1449";"48";"0";"0";"0";"48";"45";"1";"17/06/2021"
"Lucainena de las Torres";"564";"7";"0";"0";"0";"7";"7";"0";"17/06/2021"
"Nacimiento";"496";"8";"0";"0";"0";"8";"8";"0";"17/06/2021"
"Níjar";"31666";"2743";"19";"60.001263184488096";"18";"2747";"2674";"36";"17/06/2021"
"Ohanes";"558";"13";"0";"0";"0";"13";"12";"1";"17/06/2021"
"Olula de Castro";"191";"1";"0";"0";"0";"1";"1";"0";"17/06/2021"
"Padules";"414";"28";"0";"0";"0";"28";"27";"1";"17/06/2021"
"Pechina";"4103";"299";"1";"24.372410431391664";"0";"302";"292";"7";"17/06/2021"
"Rágol";"303";"18";"0";"0";"0";"19";"17";"2";"17/06/2021"
"Rioja";"1453";"92";"0";"0";"0";"92";"92";"0";"17/06/2021"
"Santa Cruz de Marchena";"199";"14";"0";"0";"0";"14";"14";"0";"17/06/2021"
"Santa Fe de Mondújar";"461";"33";"0";"0";"0";"33";"33";"0";"17/06/2021"
"Senés";"289";"9";"0";"0";"0";"9";"8";"1";"17/06/2021"
"Sorbas";"2436";"116";"7";"287.35632183908046";"1";"116";"107";"2";"17/06/2021"
"Tabernas";"3717";"224";"4";"107.61366693570083";"0";"224";"215";"3";"17/06/2021"
"Tahal";"336";"7";"0";"0";"0";"7";"7";"0";"17/06/2021"
"Terque";"365";"35";"0";"0";"0";"35";"31";"4";"17/06/2021"
"Tres Villas (Las)";"565";"9";"0";"0";"0";"9";"7";"1";"17/06/2021"
"Turrillas";"248";"8";"0";"0";"0";"8";"7";"1";"17/06/2021"
"Uleila del Campo";"822";"12";"0";"0";"0";"12";"12";"0";"17/06/2021"
"Velefique";"230";"1";"0";"0";"0";"1";"1";"0";"17/06/2021"
"Viator";"5978";"537";"4";"66.912010705921716";"3";"537";"523";"8";"17/06/2021"
"Albanchez";"687";"16";"0";"0";"0";"17";"17";"0";"17/06/2021"
"Albox";"12083";"1089";"6";"49.656542249441365";"2";"1089";"1066";"19";"17/06/2021"
"Alcóntar";"514";"10";"0";"0";"0";"10";"10";"0";"17/06/2021"
"Antas";"3315";"455";"0";"0";"0";"455";"443";"12";"17/06/2021"
"Arboleas";"4624";"202";"0";"0";"0";"202";"196";"6";"17/06/2021"
"Armuña de Almanzora";"300";"23";"0";"0";"0";"23";"22";"1";"17/06/2021"
"Bacares";"250";"62";"0";"0";"0";"62";"53";"9";"17/06/2021"
"Bayarque";"216";"3";"0";"0";"0";"3";"3";"0";"17/06/2021"
"Bédar";"984";"30";"0";"0";"0";"30";"30";"0";"17/06/2021"
"Cantoria";"3365";"109";"7";"208.02377414561664";"7";"109";"100";"2";"17/06/2021"
"Chercos";"298";"7";"5";"1677.8523489932886";"5";"7";"2";"0";"17/06/2021"
"Chirivel";"1489";"172";"0";"0";"0";"174";"165";"9";"17/06/2021"
"Cóbdar";"178";"14";"0";"0";"0";"14";"14";"0";"17/06/2021"
"Cuevas del Almanzora";"14455";"1246";"2";"13.836042891732964";"1";"1251";"1230";"18";"17/06/2021"
"Fines";"2104";"140";"8";"380.22813688212926";"4";"141";"133";"2";"17/06/2021"
"Gallardos (Los)";"2902";"271";"0";"0";"0";"271";"267";"4";"17/06/2021"
"Garrucha";"9520";"672";"3";"31.512605042016808";"2";"674";"662";"9";"17/06/2021"
"Huércal-Overa";"19432";"1369";"15";"77.192260189378345";"6";"1379";"1346";"16";"17/06/2021"
"Laroya";"198";"0";"0";"0";"0";"0";"0";"0";"17/06/2021"
"Líjar";"394";"22";"0";"0";"0";"22";"21";"1";"17/06/2021"
"Lúcar";"760";"60";"1";"131.57894736842104";"1";"61";"60";"0";"17/06/2021"
"Macael";"5480";"296";"1";"18.248175182481752";"1";"299";"291";"7";"17/06/2021"
"María";"1230";"104";"0";"0";"0";"104";"104";"0";"17/06/2021"
"Mojácar";"6778";"569";"3";"44.260843906757152";"2";"570";"553";"15";"17/06/2021"
"Olula del Río";"6256";"413";"2";"31.9693094629156";"2";"422";"416";"4";"17/06/2021"
"Oria";"2239";"113";"0";"0";"0";"114";"110";"4";"17/06/2021"
"Partaloa";"1035";"38";"0";"0";"0";"38";"37";"1";"17/06/2021"
"Pulpí";"10358";"933";"10";"96.543734311643178";"4";"935";"911";"7";"17/06/2021"
"Purchena";"1664";"66";"0";"0";"0";"68";"65";"3";"17/06/2021"
"Serón";"2033";"81";"0";"0";"0";"82";"80";"2";"17/06/2021"
"Sierro";"379";"16";"0";"0";"0";"17";"17";"0";"17/06/2021"
"Somontín";"443";"13";"0";"0";"0";"13";"12";"1";"17/06/2021"
"Suflí";"196";"1";"0";"0";"0";"1";"1";"0";"17/06/2021"
"Taberno";"974";"35";"0";"0";"0";"35";"31";"4";"17/06/2021"
"Tíjola";"3548";"237";"0";"0";"0";"239";"238";"1";"17/06/2021"
"Turre";"3781";"275";"0";"0";"0";"275";"271";"4";"17/06/2021"
"Urrácal";"350";"21";"0";"0";"0";"21";"20";"1";"17/06/2021"
"Vélez-Blanco";"1874";"130";"0";"0";"0";"130";"125";"5";"17/06/2021"
"Vélez-Rubio";"6546";"633";"0";"0";"0";"634";"610";"24";"17/06/2021"
"Vera";"16996";"1577";"16";"94.139797599435155";"15";"1579";"1542";"21";"17/06/2021"
"Zurgena";"2956";"156";"3";"101.48849797023004";"2";"156";"153";"1";"17/06/2021"
"Adra";"25412";"2393";"19";"74.767826223831264";"13";"2399";"2331";"43";"17/06/2021"
"Alcolea";"844";"30";"0";"0";"0";"31";"31";"0";"17/06/2021"
"Balanegra";"3105";"227";"0";"0";"0";"227";"226";"1";"17/06/2021"
"Bayárcal";"312";"21";"0";"0";"0";"21";"20";"1";"17/06/2021"
"Berja";"12563";"571";"5";"39.799410968717666";"2";"572";"553";"13";"17/06/2021"
"Dalías";"4066";"151";"2";"49.188391539596658";"1";"151";"141";"8";"17/06/2021"
"Ejido (El)";"83758";"6299";"51";"60.889706057928798";"17";"6324";"6184";"79";"17/06/2021"
"Enix";"514";"7";"0";"0";"0";"7";"6";"1";"17/06/2021"
"Felix";"636";"26";"0";"0";"0";"26";"26";"0";"17/06/2021"
"Fondón";"994";"11";"0";"0";"0";"11";"11";"0";"17/06/2021"
"Láujar de Andarax";"1527";"92";"0";"0";"0";"92";"91";"1";"17/06/2021"
"Mojonera (La)";"9191";"738";"14";"152.32292460015233";"1";"740";"701";"7";"17/06/2021"
"Paterna del Río";"365";"7";"0";"0";"0";"7";"7";"0";"17/06/2021"
"Roquetas de Mar";"98433";"5615";"48";"48.764133979458109";"21";"5657";"5521";"74";"17/06/2021"
"Vícar";"26899";"1775";"35";"130.1163612030187";"13";"1780";"1700";"31";"17/06/2021"
"Municipio de Almería sin especificar";"0";"17";"0";"0";"0";"17";"16";"1";"17/06/2021"
"Algeciras";"123078";"8812";"189";"153.56115633988202";"82";"8867";"8436";"228";"17/06/2021"
"Barrios (Los)";"23777";"1607";"49";"206.08150733902511";"28";"1618";"1492";"76";"17/06/2021"
"Tarifa";"18183";"962";"22";"120.99213551119178";"12";"968";"912";"30";"17/06/2021"
"Castellar de la Frontera";"3057";"274";"0";"0";"0";"274";"271";"2";"17/06/2021"
"Jimena de la Frontera";"6707";"413";"4";"59.639182943193681";"3";"416";"403";"9";"17/06/2021"
"San Martín del Tesorillo";"2801";"138";"0";"0";"0";"138";"136";"2";"17/06/2021"
"Línea de la Concepción (La)";"63630";"5514";"35";"55.005500550055004";"17";"5527";"5382";"108";"17/06/2021"
"San Roque";"31571";"2343";"24";"76.019131481422818";"12";"2350";"2274";"47";"17/06/2021"
"Alcalá de los Gazules";"5226";"272";"5";"95.675468809797167";"2";"272";"255";"3";"17/06/2021"
"Barbate";"22556";"1740";"20";"88.668203582195432";"11";"1742";"1660";"27";"17/06/2021"
"Benalup-Casas Viejas";"6986";"453";"53";"758.66017749785283";"14";"460";"370";"6";"17/06/2021"
"Cádiz (capital)";"115439";"6435";"84";"72.765703098606195";"34";"6490";"6115";"92";"17/06/2021"
"Chiclana de la Frontera";"85150";"4794";"162";"190.25249559600704";"57";"4812";"4457";"74";"17/06/2021"
"Conil de la Frontera";"22775";"1137";"39";"171.2403951701427";"27";"1137";"1063";"8";"17/06/2021"
"Medina Sidonia";"11773";"527";"25";"212.35029304340441";"6";"528";"474";"1";"17/06/2021"
"Paterna de Rivera";"5453";"347";"12";"220.06235099944985";"3";"347";"318";"8";"17/06/2021"
"Puerto de Santa María (El)";"88703";"4151";"111";"125.13669210736954";"51";"4174";"3902";"43";"17/06/2021"
"Puerto Real";"41700";"2026";"37";"88.729016786570739";"15";"2034";"1931";"25";"17/06/2021"
"San Fernando";"95001";"6258";"73";"76.841296407406233";"28";"6305";"5970";"108";"17/06/2021"
"Vejer de la Frontera";"12622";"692";"8";"63.381397559816193";"6";"694";"661";"10";"17/06/2021"
"Chipiona";"19246";"891";"29";"150.6806609165541";"16";"896";"849";"9";"17/06/2021"
"Jerez de la Frontera";"213105";"15436";"304";"142.65268294971963";"134";"15488";"14763";"324";"17/06/2021"
"Rota";"29282";"1283";"25";"85.376681920633843";"7";"1287";"1230";"14";"17/06/2021"
"San José del Valle";"4433";"320";"14";"315.81321903902551";"4";"321";"295";"6";"17/06/2021"
"Sanlúcar de Barrameda";"69205";"4774";"164";"236.97709703056137";"72";"4778";"4505";"46";"17/06/2021"
"Trebujena";"7016";"502";"5";"71.265678449258843";"4";"510";"494";"7";"17/06/2021"
"Alcalá del Valle";"5043";"675";"0";"0";"0";"684";"659";"23";"17/06/2021"
"Algar";"1428";"144";"19";"1330.532212885154";"4";"144";"119";"1";"17/06/2021"
"Algodonales";"5506";"331";"2";"36.32401017072285";"0";"331";"320";"7";"17/06/2021"
"Arcos de la Frontera";"30818";"2588";"81";"262.83340904666102";"21";"2595";"2465";"40";"17/06/2021"
"Benaocaz";"673";"45";"0";"0";"0";"45";"45";"0";"17/06/2021"
"Bornos";"7654";"681";"33";"431.14711262085183";"22";"683";"629";"5";"17/06/2021"
"Bosque (El)";"2137";"133";"3";"140.38371548900327";"2";"133";"124";"3";"17/06/2021"
"Espera";"3869";"382";"14";"361.85060739209098";"6";"382";"358";"5";"17/06/2021"
"Gastor (El)";"1729";"154";"10";"578.36899942163097";"8";"154";"140";"4";"17/06/2021"
"Grazalema";"2013";"167";"0";"0";"0";"167";"164";"3";"17/06/2021"
"Olvera";"8062";"598";"5";"62.019350037211609";"2";"599";"581";"11";"17/06/2021"
"Prado del Rey";"5590";"406";"39";"697.67441860465112";"19";"406";"351";"5";"17/06/2021"
"Puerto Serrano";"6942";"866";"3";"43.215211754537599";"0";"867";"834";"7";"17/06/2021"
"Setenil de las Bodegas";"2741";"215";"4";"145.93214155417732";"3";"216";"201";"9";"17/06/2021"
"Torre Alháquime";"796";"24";"0";"0";"0";"24";"23";"0";"17/06/2021"
"Ubrique";"16605";"1284";"4";"24.089129780186692";"1";"1302";"1265";"20";"17/06/2021"
"Villaluenga del Rosario";"455";"18";"0";"0";"0";"19";"19";"0";"17/06/2021"
"Villamartín";"12134";"1357";"4";"32.965221691115872";"2";"1365";"1326";"15";"17/06/2021"
"Zahara";"1379";"34";"2";"145.03263234227703";"1";"34";"30";"1";"17/06/2021"
"Municipio de Cádiz sin especificar";"0";"1439";"6";"0";"1";"1443";"1394";"24";"17/06/2021"
"Córdoba (capital)";"326039";"22670";"882";"270.51978444296543";"455";"22946";"21377";"356";"17/06/2021"
"Aguilar de la Frontera";"13382";"1045";"81";"605.29068898520404";"31";"1049";"927";"21";"17/06/2021"
"Almedinilla";"2370";"117";"10";"421.94092827004221";"3";"117";"101";"6";"17/06/2021"
"Baena";"19045";"1461";"31";"162.77238120241535";"18";"1473";"1392";"36";"17/06/2021"
"Benamejí";"4963";"651";"14";"282.08744710860367";"5";"652";"618";"11";"17/06/2021"
"Cabra";"20347";"1373";"33";"162.1860716567553";"19";"1379";"1307";"23";"17/06/2021"
"Carcabuey";"2371";"73";"5";"210.88148460565162";"5";"74";"67";"2";"17/06/2021"
"Castro del Río";"7767";"582";"10";"128.74983906270117";"1";"584";"553";"11";"17/06/2021"
"Doña Mencía";"4615";"646";"6";"130.01083423618635";"5";"646";"636";"0";"17/06/2021"
"Encinas Reales";"2254";"133";"3";"133.09671694764862";"0";"133";"129";"1";"17/06/2021"
"Espejo";"3289";"167";"0";"0";"0";"167";"160";"6";"17/06/2021"
"Fernán-Núñez";"9651";"688";"17";"176.14754947673816";"2";"691";"662";"8";"17/06/2021"
"Fuente-Tójar";"666";"57";"0";"0";"0";"59";"57";"1";"17/06/2021"
"Guijarrosa (La)";"1379";"62";"1";"72.516316171138513";"1";"63";"57";"2";"17/06/2021"
"Iznájar";"4134";"187";"5";"120.94823415578132";"0";"189";"170";"8";"17/06/2021"
"Lucena";"42733";"3770";"91";"212.95017901855709";"51";"3794";"3631";"40";"17/06/2021"
"Luque";"2976";"269";"0";"0";"0";"270";"266";"3";"17/06/2021"
"Montalbán de Córdoba";"4467";"320";"1";"22.386389075442132";"1";"321";"315";"4";"17/06/2021"
"Montemayor";"3856";"249";"7";"181.53526970954357";"3";"252";"243";"2";"17/06/2021"
"Montilla";"22739";"1482";"41";"180.30696160781036";"17";"1484";"1408";"29";"17/06/2021"
"Monturque";"1943";"95";"4";"205.8672156459084";"2";"95";"91";"0";"17/06/2021"
"Moriles";"3701";"394";"10";"270.19724398811132";"5";"395";"374";"5";"17/06/2021"
"Nueva Carteya";"5341";"415";"2";"37.44617112900206";"1";"416";"407";"3";"17/06/2021"
"Palenciana";"1465";"108";"0";"0";"0";"108";"106";"1";"17/06/2021"
"Priego de Córdoba";"22367";"1534";"24";"107.30093441230385";"14";"1547";"1465";"39";"17/06/2021"
"Puente Genil";"29943";"2181";"149";"497.61212971312159";"60";"2208";"1957";"49";"17/06/2021"
"Rambla (La)";"7529";"514";"4";"53.127905432328333";"2";"517";"509";"4";"17/06/2021"
"Rute";"9898";"983";"12";"121.2366134572641";"6";"990";"933";"30";"17/06/2021"
"Santaella";"4614";"157";"4";"86.692674469007372";"2";"160";"153";"2";"17/06/2021"
"Zuheros";"635";"50";"0";"0";"0";"50";"50";"0";"17/06/2021"
"Adamuz";"4137";"230";"14";"338.40947546531305";"9";"230";"212";"4";"17/06/2021"
"Almodóvar del Río";"7932";"522";"10";"126.07160867372667";"7";"527";"510";"6";"17/06/2021"
"Bujalance";"7320";"392";"42";"573.77049180327867";"14";"395";"346";"5";"17/06/2021"
"Cañete de las Torres";"2923";"113";"2";"68.422853232979818";"1";"113";"108";"3";"17/06/2021"
"Carlota (La)";"14079";"583";"33";"234.3916471340294";"15";"590";"539";"10";"17/06/2021"
"Carpio (El)";"4363";"398";"13";"297.9601191840477";"3";"402";"371";"13";"17/06/2021"
"Fuente Carreteros";"1148";"41";"8";"696.86411149825778";"8";"41";"30";"1";"17/06/2021"
"Fuente Palmera";"9766";"482";"49";"501.74073315584684";"18";"484";"411";"4";"17/06/2021"
"Guadalcázar";"1559";"59";"1";"64.143681847338044";"0";"62";"59";"1";"17/06/2021"
"Hornachuelos";"4480";"176";"2";"44.642857142857146";"1";"176";"171";"3";"17/06/2021"
"Montoro";"9293";"534";"5";"53.803938448294417";"3";"534";"501";"25";"17/06/2021"
"Obejo";"2008";"54";"1";"49.800796812749006";"0";"55";"52";"2";"17/06/2021"
"Palma del Río";"20928";"1310";"32";"152.9051987767584";"9";"1314";"1244";"30";"17/06/2021"
"Pedro Abad";"2815";"186";"1";"35.523978685612789";"0";"187";"185";"0";"17/06/2021"
"Peñaflor";"3639";"203";"4";"109.92030777686178";"2";"203";"198";"1";"17/06/2021"
"Posadas";"7318";"313";"9";"122.98442197321673";"3";"317";"297";"4";"17/06/2021"
"San Sebastián de los Ballesteros";"804";"61";"1";"124.37810945273633";"1";"61";"60";"0";"17/06/2021"
"Valenzuela";"1118";"43";"0";"0";"0";"43";"43";"0";"17/06/2021"
"Victoria (La)";"2289";"70";"2";"87.3743993010048";"2";"70";"68";"0";"17/06/2021"
"Villa del Río";"7067";"581";"8";"113.20220744304514";"4";"588";"567";"7";"17/06/2021"
"Villafranca de Córdoba";"4860";"268";"7";"144.03292181069958";"5";"270";"256";"2";"17/06/2021"
"Villaharta";"621";"13";"0";"0";"0";"13";"12";"1";"17/06/2021"
"Villaviciosa de Córdoba";"3200";"111";"0";"0";"0";"111";"107";"4";"17/06/2021"
"Alcaracejos";"1470";"80";"1";"68.027210884353735";"0";"80";"73";"5";"17/06/2021"
"Añora";"1530";"188";"1";"65.359477124183002";"1";"188";"186";"1";"17/06/2021"
"Belalcázar";"3235";"271";"7";"216.38330757341578";"6";"271";"253";"11";"17/06/2021"
"Belmez";"2921";"265";"15";"513.52276617596715";"11";"267";"236";"13";"17/06/2021"
"Blázquez (Los)";"664";"42";"1";"150.60240963855421";"0";"42";"41";"0";"17/06/2021"
"Cardeña";"1471";"72";"1";"67.980965329707686";"0";"73";"70";"1";"17/06/2021"
"Conquista";"366";"21";"0";"0";"0";"21";"21";"0";"17/06/2021"
"Dos Torres";"2394";"157";"1";"41.771094402673349";"0";"158";"155";"2";"17/06/2021"
"Espiel";"2405";"102";"15";"623.70062370062374";"12";"102";"84";"2";"17/06/2021"
"Fuente la Lancha";"342";"10";"0";"0";"0";"10";"10";"0";"17/06/2021"
"Fuente Obejuna";"4501";"254";"11";"244.39013552543878";"3";"254";"236";"5";"17/06/2021"
"Granjuela (La)";"439";"52";"1";"227.79043280182233";"1";"52";"48";"1";"17/06/2021"
"Guijo (El)";"352";"15";"0";"0";"0";"15";"15";"0";"17/06/2021"
"Hinojosa del Duque";"6707";"561";"22";"328.01550618756522";"5";"564";"525";"14";"17/06/2021"
"Pedroche";"1482";"57";"0";"0";"0";"57";"54";"3";"17/06/2021"
"Peñarroya-Pueblonuevo";"10561";"940";"27";"255.65760818104346";"17";"940";"884";"26";"17/06/2021"
"Pozoblanco";"17204";"1190";"14";"81.376424087421526";"11";"1195";"1155";"23";"17/06/2021"
"Santa Eufemia";"743";"87";"0";"0";"0";"87";"82";"5";"17/06/2021"
"Torrecampo";"1040";"81";"0";"0";"0";"82";"77";"5";"17/06/2021"
"Valsequillo";"348";"49";"0";"0";"0";"49";"47";"0";"17/06/2021"
"Villanueva de Córdoba";"8671";"506";"30";"345.98085572598319";"29";"508";"466";"11";"17/06/2021"
"Villanueva del Duque";"1448";"53";"0";"0";"0";"54";"52";"2";"17/06/2021"
"Villanueva del Rey";"1015";"81";"12";"1182.2660098522167";"2";"81";"63";"5";"17/06/2021"
"Villaralto";"1118";"8";"0";"0";"0";"9";"9";"0";"17/06/2021"
"Viso (El)";"2517";"112";"1";"39.729837107667862";"1";"112";"108";"2";"17/06/2021"
"Municipio de Córdoba sin especificar";"0";"40";"6";"0";"6";"40";"33";"0";"17/06/2021"
"Albondón";"712";"18";"0";"0";"0";"18";"17";"1";"17/06/2021"
"Albuñol";"7353";"495";"31";"421.59662722698221";"24";"495";"447";"7";"17/06/2021"
"Almegíjar";"337";"6";"0";"0";"0";"6";"6";"0";"17/06/2021"
"Almuñécar";"25927";"1149";"34";"131.13742430670729";"13";"1152";"1087";"13";"17/06/2021"
"Alpujarra de la Sierra";"969";"22";"0";"0";"0";"23";"21";"2";"17/06/2021"
"Bérchules";"712";"7";"0";"0";"0";"7";"7";"0";"17/06/2021"
"Bubión";"298";"18";"0";"0";"0";"18";"17";"1";"17/06/2021"
"Busquístar";"279";"53";"0";"0";"0";"53";"51";"2";"17/06/2021"
"Cádiar";"1465";"27";"0";"0";"0";"27";"27";"0";"17/06/2021"
"Cáñar";"377";"9";"0";"0";"0";"9";"9";"0";"17/06/2021"
"Capileira";"563";"33";"1";"177.61989342806393";"1";"33";"32";"0";"17/06/2021"
"Carataunas";"201";"0";"0";"0";"0";"0";"0";"0";"17/06/2021"
"Cástaras";"235";"0";"0";"0";"0";"0";"0";"0";"17/06/2021"
"Guájares (Los)";"1053";"26";"0";"0";"0";"27";"27";"0";"17/06/2021"
"Gualchos";"5190";"323";"37";"712.90944123314068";"9";"324";"271";"5";"17/06/2021"
"Ítrabo";"991";"29";"1";"100.90817356205852";"1";"29";"28";"0";"17/06/2021"
"Jete";"927";"9";"1";"107.87486515641855";"0";"9";"8";"0";"17/06/2021"
"Juviles";"135";"1";"0";"0";"0";"1";"1";"0";"17/06/2021"
"Lanjarón";"3530";"163";"8";"226.62889518413598";"1";"163";"147";"5";"17/06/2021"
"Lentegí";"333";"3";"0";"0";"0";"3";"2";"0";"17/06/2021"
"Lobras";"133";"0";"0";"0";"0";"0";"0";"0";"17/06/2021"
"Lújar";"483";"13";"1";"207.03933747412009";"0";"13";"12";"0";"17/06/2021"
"Molvízar";"2772";"93";"3";"108.22510822510823";"1";"94";"86";"1";"17/06/2021"
"Motril";"58460";"3641";"90";"153.9514197742046";"36";"3655";"3447";"43";"17/06/2021"
"Murtas";"455";"16";"0";"0";"0";"17";"15";"2";"17/06/2021"
"Nevada";"1072";"85";"0";"0";"0";"85";"71";"7";"17/06/2021"
"Órgiva";"5784";"328";"3";"51.867219917012449";"1";"328";"318";"5";"17/06/2021"
"Otívar";"1011";"29";"2";"197.82393669634027";"2";"29";"26";"1";"17/06/2021"
"Pampaneira";"317";"12";"0";"0";"0";"12";"10";"2";"17/06/2021"
"Polopos";"1722";"63";"9";"522.64808362369342";"3";"64";"52";"2";"17/06/2021"
"Pórtugos";"368";"36";"0";"0";"0";"36";"35";"0";"17/06/2021"
"Rubite";"382";"8";"0";"0";"0";"8";"8";"0";"17/06/2021"
"Salobreña";"12513";"509";"5";"39.958443219052185";"3";"511";"497";"5";"17/06/2021"
"Soportújar";"264";"17";"0";"0";"0";"17";"17";"0";"17/06/2021"
"Sorvilán";"527";"36";"0";"0";"0";"36";"35";"0";"17/06/2021"
"Taha (La)";"670";"71";"0";"0";"0";"71";"70";"1";"17/06/2021"
"Torrenueva Costa";"2796";"94";"2";"71.530758226037193";"1";"94";"87";"2";"17/06/2021"
"Torvizcón";"625";"24";"0";"0";"0";"24";"24";"0";"17/06/2021"
"Trevélez";"736";"55";"1";"135.86956521739131";"0";"55";"49";"2";"17/06/2021"
"Turón";"232";"5";"0";"0";"0";"5";"5";"0";"17/06/2021"
"Ugíjar";"2517";"202";"0";"0";"0";"203";"194";"5";"17/06/2021"
"Válor";"677";"18";"0";"0";"0";"18";"18";"0";"17/06/2021"
"Vélez de Benaudalla";"2890";"136";"1";"34.602076124567475";"1";"136";"134";"1";"17/06/2021"
"Alamedilla";"569";"84";"1";"175.7469244288225";"0";"85";"81";"1";"17/06/2021"
"Albuñán";"409";"31";"0";"0";"0";"31";"28";"3";"17/06/2021"
"Aldeire";"630";"60";"0";"0";"0";"60";"57";"2";"17/06/2021"
"Alicún de Ortega";"471";"28";"0";"0";"0";"28";"24";"4";"17/06/2021"
"Alquife";"580";"34";"0";"0";"0";"34";"32";"2";"17/06/2021"
"Baza";"20430";"1590";"25";"122.36906510034264";"9";"1633";"1569";"31";"17/06/2021"
"Beas de Guadix";"329";"28";"3";"911.854103343465";"0";"28";"23";"0";"17/06/2021"
"Benalúa";"3310";"359";"6";"181.26888217522659";"2";"359";"335";"15";"17/06/2021"
"Benamaurel";"2260";"153";"0";"0";"0";"154";"151";"2";"17/06/2021"
"Calahorra (La)";"668";"83";"0";"0";"0";"83";"81";"2";"17/06/2021"
"Caniles";"4021";"258";"3";"74.608306391444913";"3";"259";"246";"9";"17/06/2021"
"Castilléjar";"1321";"105";"0";"0";"0";"106";"106";"0";"17/06/2021"
"Castril";"2020";"144";"0";"0";"0";"147";"144";"1";"17/06/2021"
"Cogollos de Guadix";"642";"63";"0";"0";"0";"65";"61";"3";"17/06/2021"
"Cortes de Baza";"1844";"91";"3";"162.68980477223428";"2";"91";"87";"0";"17/06/2021"
"Cortes y Graena";"982";"41";"1";"101.83299389002036";"1";"41";"38";"2";"17/06/2021"
"Cuevas del Campo";"1744";"141";"0";"0";"0";"141";"135";"3";"17/06/2021"
"Cúllar";"4091";"244";"0";"0";"0";"246";"242";"1";"17/06/2021"
"Darro";"1634";"204";"1";"61.199510403916769";"0";"204";"200";"3";"17/06/2021"
"Dehesas de Guadix";"422";"43";"0";"0";"0";"43";"41";"1";"17/06/2021"
"Diezma";"764";"55";"0";"0";"0";"57";"55";"2";"17/06/2021"
"Dólar";"628";"27";"0";"0";"0";"27";"26";"0";"17/06/2021"
"Ferreira";"301";"9";"0";"0";"0";"9";"9";"0";"17/06/2021"
"Fonelas";"978";"84";"2";"204.49897750511246";"1";"84";"81";"1";"17/06/2021"
"Freila";"939";"66";"3";"319.4888178913738";"3";"66";"61";"2";"17/06/2021"
"Galera";"1071";"77";"0";"0";"0";"78";"74";"1";"17/06/2021"
"Gor";"744";"29";"0";"0";"0";"30";"28";"2";"17/06/2021"
"Gorafe";"383";"17";"0";"0";"0";"17";"16";"1";"17/06/2021"
"Guadix";"18436";"1934";"14";"75.938381427641573";"10";"1980";"1904";"47";"17/06/2021"
"Huélago";"401";"72";"0";"0";"0";"72";"72";"0";"17/06/2021"
"Huéneja";"1170";"62";"1";"85.470085470085465";"0";"62";"57";"3";"17/06/2021"
"Huéscar";"7195";"796";"2";"27.797081306462822";"1";"804";"774";"26";"17/06/2021"
"Jérez del Marquesado";"955";"63";"1";"104.71204188481676";"0";"63";"61";"1";"17/06/2021"
"Lanteira";"564";"56";"12";"2127.6595744680849";"2";"57";"44";"1";"17/06/2021"
"Lugros";"310";"16";"0";"0";"0";"16";"16";"0";"17/06/2021"
"Marchal";"414";"23";"0";"0";"0";"23";"19";"2";"17/06/2021"
"Morelábor";"572";"61";"0";"0";"0";"61";"60";"0";"17/06/2021"
"Orce";"1185";"85";"0";"0";"0";"85";"80";"4";"17/06/2021"
"Pedro Martínez";"1138";"150";"0";"0";"0";"150";"143";"6";"17/06/2021"
"Peza (La)";"1167";"66";"0";"0";"0";"66";"63";"2";"17/06/2021"
"Polícar";"263";"3";"0";"0";"0";"3";"3";"0";"17/06/2021"
"Puebla de Don Fadrique";"2238";"293";"12";"536.1930294906166";"4";"294";"269";"4";"17/06/2021"
"Purullena";"2306";"245";"0";"0";"0";"247";"244";"2";"17/06/2021"
"Valle del Zalabí";"2105";"154";"1";"47.505938242280287";"1";"156";"154";"1";"17/06/2021"
"Villanueva de las Torres";"562";"21";"0";"0";"0";"21";"21";"0";"17/06/2021"
"Zújar";"2544";"263";"0";"0";"0";"265";"262";"2";"17/06/2021"
"Beas de Granada";"980";"70";"0";"0";"0";"70";"68";"2";"17/06/2021"
"Granada (capital)";"233648";"26972";"588";"251.66061768129836";"276";"27340";"25671";"545";"17/06/2021"
"Huétor de Santillán";"1882";"179";"5";"265.67481402763019";"2";"181";"168";"1";"17/06/2021"
"Jun";"3853";"440";"10";"259.53802232026993";"5";"443";"417";"3";"17/06/2021"
"Agrón";"260";"21";"0";"0";"0";"22";"22";"0";"17/06/2021"
"Albolote";"18962";"1992";"40";"210.94821221390148";"19";"2014";"1908";"25";"17/06/2021"
"Albuñuelas";"802";"71";"0";"0";"0";"72";"71";"0";"17/06/2021"
"Alfacar";"5488";"666";"10";"182.21574344023324";"6";"669";"634";"10";"17/06/2021"
"Algarinejo";"2467";"372";"0";"0";"0";"373";"355";"15";"17/06/2021"
"Alhama de Granada";"5867";"440";"14";"238.6228055224135";"2";"441";"410";"8";"17/06/2021"
"Alhendín";"9509";"877";"20";"210.32705857608582";"10";"880";"833";"13";"17/06/2021"
"Arenas del Rey";"653";"45";"7";"1071.9754977029097";"0";"45";"35";"3";"17/06/2021"
"Armilla";"24340";"2357";"56";"230.07395234182417";"21";"2399";"2255";"41";"17/06/2021"
"Atarfe";"18960";"1952";"39";"205.69620253164558";"15";"1962";"1821";"54";"17/06/2021"
"Benalúa de las Villas";"1054";"112";"3";"284.62998102466793";"3";"113";"108";"1";"17/06/2021"
"Cacín";"568";"18";"0";"0";"0";"18";"17";"1";"17/06/2021"
"Cájar";"5205";"467";"8";"153.69836695485111";"5";"473";"442";"15";"17/06/2021"
"Calicasas";"638";"51";"0";"0";"0";"51";"51";"0";"17/06/2021"
"Campotéjar";"1229";"106";"0";"0";"0";"107";"102";"3";"17/06/2021"
"Cenes de la Vega";"8153";"693";"16";"196.24678032626028";"6";"699";"660";"12";"17/06/2021"
"Chauchina";"5552";"821";"16";"288.18443804034581";"7";"822";"776";"13";"17/06/2021"
"Chimeneas";"1251";"121";"1";"79.936051159072747";"0";"121";"116";"2";"17/06/2021"
"Churriana de la Vega";"15689";"1739";"41";"261.32959398304547";"22";"1747";"1639";"35";"17/06/2021"
"Cijuela";"3415";"388";"2";"58.565153733528554";"2";"389";"372";"8";"17/06/2021"
"Cogollos de la Vega";"2007";"268";"0";"0";"0";"269";"254";"8";"17/06/2021"
"Colomera";"1302";"247";"0";"0";"0";"247";"239";"2";"17/06/2021"
"Cúllar Vega";"7547";"810";"10";"132.50298131707964";"5";"813";"783";"12";"17/06/2021"
"Dehesas Viejas";"688";"34";"0";"0";"0";"34";"34";"0";"17/06/2021"
"Deifontes";"2600";"273";"11";"423.07692307692309";"2";"275";"244";"8";"17/06/2021"
"Dílar";"2092";"150";"3";"143.40344168260037";"0";"152";"139";"2";"17/06/2021"
"Domingo Pérez de Granada";"878";"92";"0";"0";"0";"92";"89";"2";"17/06/2021"
"Dúdar";"327";"15";"0";"0";"0";"15";"15";"0";"17/06/2021"
"Dúrcal";"7111";"678";"3";"42.188159189987346";"0";"679";"664";"10";"17/06/2021"
"Escúzar";"791";"107";"0";"0";"0";"108";"104";"4";"17/06/2021"
"Fornes";"556";"49";"1";"179.85611510791367";"0";"49";"47";"1";"17/06/2021"
"Fuente Vaqueros";"4384";"681";"1";"22.810218978102188";"0";"683";"663";"12";"17/06/2021"
"Gabias (Las)";"21543";"2098";"42";"194.9589193705612";"24";"2111";"2000";"23";"17/06/2021"
"Gobernador";"229";"5";"0";"0";"0";"5";"5";"0";"17/06/2021"
"Gójar";"5909";"493";"9";"152.31003553900828";"3";"497";"472";"3";"17/06/2021"
"Guadahortuna";"1872";"135";"0";"0";"0";"135";"131";"2";"17/06/2021"
"Güéjar Sierra";"2857";"242";"1";"35.001750087504377";"0";"243";"234";"7";"17/06/2021"
"Güevéjar";"2640";"214";"5";"189.39393939393941";"1";"215";"198";"4";"17/06/2021"
"Huétor Tájar";"10399";"1108";"36";"346.18713337820947";"14";"1112";"1041";"25";"17/06/2021"
"Huétor Vega";"12035";"1273";"22";"182.80016618196925";"12";"1286";"1240";"11";"17/06/2021"
"Íllora";"10065";"1216";"8";"79.483358171882756";"3";"1218";"1172";"27";"17/06/2021"
"Iznalloz";"5120";"738";"34";"664.0625";"10";"742";"666";"26";"17/06/2021"
"Játar";"623";"18";"1";"160.51364365971108";"0";"18";"17";"0";"17/06/2021"
"Jayena";"1052";"83";"0";"0";"0";"83";"82";"1";"17/06/2021"
"Láchar";"3513";"460";"7";"199.25989183034443";"4";"460";"433";"14";"17/06/2021"
"Lecrín";"2156";"90";"0";"0";"0";"90";"85";"4";"17/06/2021"
"Loja";"20419";"2405";"34";"166.51158234977228";"20";"2409";"2279";"55";"17/06/2021"
"Malahá (La)";"1784";"181";"1";"56.053811659192824";"0";"181";"176";"3";"17/06/2021"
"Maracena";"22306";"2289";"42";"188.2901461490182";"11";"2313";"2174";"46";"17/06/2021"
"Moclín";"3622";"342";"1";"27.609055770292656";"1";"342";"327";"11";"17/06/2021"
"Monachil";"8007";"723";"28";"349.69401773448232";"10";"729";"683";"6";"17/06/2021"
"Montefrío";"5313";"546";"8";"150.57406361754187";"1";"558";"528";"15";"17/06/2021"
"Montejícar";"2110";"209";"1";"47.393364928909953";"1";"210";"201";"6";"17/06/2021"
"Montillana";"1129";"125";"0";"0";"0";"126";"121";"2";"17/06/2021"
"Moraleda de Zafayona";"3117";"279";"3";"96.246390760346486";"2";"279";"262";"9";"17/06/2021"
"Nigüelas";"1185";"90";"4";"337.55274261603375";"2";"90";"82";"2";"17/06/2021"
"Nívar";"1036";"84";"0";"0";"0";"86";"86";"0";"17/06/2021"
"Ogíjares";"14348";"1579";"19";"132.42263730136605";"9";"1590";"1525";"29";"17/06/2021"
"Villa de Otura";"6982";"618";"8";"114.58034947006588";"1";"624";"600";"10";"17/06/2021"
"Padul";"8694";"929";"24";"276.05244996549345";"15";"937";"874";"12";"17/06/2021"
"Peligros";"11492";"1600";"17";"147.92899408284023";"10";"1608";"1511";"48";"17/06/2021"
"Pinar (El)";"865";"23";"0";"0";"0";"23";"21";"2";"17/06/2021"
"Pinos Genil";"1490";"123";"2";"134.2281879194631";"1";"124";"120";"2";"17/06/2021"
"Pinos Puente";"9894";"1303";"37";"373.96401859712955";"17";"1307";"1194";"33";"17/06/2021"
"Píñar";"1103";"58";"0";"0";"0";"58";"55";"3";"17/06/2021"
"Pulianas";"5466";"670";"15";"274.423710208562";"9";"670";"640";"3";"17/06/2021"
"Quéntar";"947";"68";"0";"0";"0";"68";"66";"2";"17/06/2021"
"Salar";"2621";"301";"11";"419.68714231209464";"6";"301";"282";"2";"17/06/2021"
"Santa Cruz del Comercio";"531";"77";"0";"0";"0";"77";"75";"1";"17/06/2021"
"Santa Fe";"15222";"1701";"25";"164.23597424779925";"16";"1716";"1605";"55";"17/06/2021"
"Torre-Cardela";"716";"48";"0";"0";"0";"48";"46";"1";"17/06/2021"
"Valderrubio";"2066";"234";"9";"435.62439496611807";"3";"234";"216";"2";"17/06/2021"
"Valle (El)";"907";"61";"2";"220.50716648291069";"0";"61";"55";"3";"17/06/2021"
"Vegas del Genil";"11432";"1042";"19";"166.20013995801258";"11";"1048";"991";"22";"17/06/2021"
"Ventas de Huelma";"657";"87";"6";"913.24200913242009";"6";"88";"80";"1";"17/06/2021"
"Villamena";"934";"100";"0";"0";"0";"100";"95";"1";"17/06/2021"
"Villanueva Mesía";"2021";"215";"7";"346.36318654131617";"4";"216";"202";"4";"17/06/2021"
"Víznar";"993";"75";"0";"0";"0";"75";"70";"1";"17/06/2021"
"Zafarraya";"2120";"125";"4";"188.67924528301887";"3";"125";"117";"0";"17/06/2021"
"Zagra";"885";"114";"17";"1920.9039548022599";"1";"114";"88";"2";"17/06/2021"
"Zubia (La)";"19330";"2007";"41";"212.10553543714434";"18";"2044";"1924";"36";"17/06/2021"
"Municipio de Granada sin especificar";"0";"545";"3";"0";"2";"549";"507";"18";"17/06/2021"
"Alájar";"759";"18";"1";"131.75230566534916";"1";"18";"17";"0";"17/06/2021"
"Almonaster la Real";"1788";"68";"2";"111.85682326621924";"2";"70";"67";"1";"17/06/2021"
"Aracena";"8255";"539";"12";"145.36644457904299";"5";"549";"521";"16";"17/06/2021"
"Aroche";"3054";"91";"1";"32.743942370661429";"0";"91";"89";"1";"17/06/2021"
"Berrocal";"303";"19";"0";"0";"0";"19";"18";"1";"17/06/2021"
"Calañas";"2768";"200";"9";"325.14450867052022";"8";"200";"187";"2";"17/06/2021"
"Campillo (El)";"2024";"74";"1";"49.40711462450593";"1";"74";"71";"1";"17/06/2021"
"Campofrío";"713";"10";"0";"0";"0";"10";"10";"0";"17/06/2021"
"Cañaveral de León";"396";"5";"0";"0";"0";"5";"5";"0";"17/06/2021"
"Castaño del Robledo";"228";"7";"0";"0";"0";"7";"7";"0";"17/06/2021"
"Cerro de Andévalo (El)";"2327";"147";"2";"85.947571981091528";"2";"148";"138";"6";"17/06/2021"
"Corteconcepción";"536";"24";"0";"0";"0";"24";"24";"0";"17/06/2021"
"Cortegana";"4602";"214";"8";"173.83746197305518";"0";"214";"204";"1";"17/06/2021"
"Cortelazor";"299";"13";"5";"1672.2408026755852";"1";"13";"7";"1";"17/06/2021"
"Cumbres de Enmedio";"51";"0";"0";"0";"0";"0";"0";"0";"17/06/2021"
"Cumbres de San Bartolomé";"376";"11";"0";"0";"0";"11";"11";"0";"17/06/2021"
"Cumbres Mayores";"1749";"53";"2";"114.35105774728416";"0";"54";"52";"0";"17/06/2021"
"Encinasola";"1310";"118";"0";"0";"0";"118";"114";"2";"17/06/2021"
"Fuenteheridos";"709";"8";"0";"0";"0";"8";"8";"0";"17/06/2021"
"Galaroza";"1382";"42";"1";"72.358900144717794";"0";"42";"41";"0";"17/06/2021"
"Granada de Río-Tinto (La)";"243";"3";"0";"0";"0";"3";"2";"0";"17/06/2021"
"Higuera de la Sierra";"1291";"34";"1";"77.459333849728893";"0";"34";"32";"0";"17/06/2021"
"Hinojales";"330";"1";"0";"0";"0";"1";"1";"0";"17/06/2021"
"Jabugo";"2260";"65";"1";"44.247787610619469";"0";"69";"67";"0";"17/06/2021"
"Linares de la Sierra";"262";"4";"0";"0";"0";"4";"4";"0";"17/06/2021"
"Marines (Los)";"399";"6";"0";"0";"0";"6";"6";"0";"17/06/2021"
"Minas de Riotinto";"3812";"128";"6";"157.39769150052467";"1";"129";"119";"2";"17/06/2021"
"Nava (La)";"258";"2";"0";"0";"0";"2";"2";"0";"17/06/2021"
"Nerva";"5169";"179";"1";"19.346101760495259";"1";"179";"168";"7";"17/06/2021"
"Puerto Moral";"278";"4";"0";"0";"0";"4";"4";"0";"17/06/2021"
"Rosal de la Frontera";"1697";"31";"2";"117.85503830288745";"1";"31";"27";"0";"17/06/2021"
"Santa Ana la Real";"475";"10";"0";"0";"0";"10";"10";"0";"17/06/2021"
"Valdelarco";"231";"4";"0";"0";"0";"4";"3";"1";"17/06/2021"
"Valverde del Camino";"12750";"645";"66";"517.64705882352939";"26";"654";"579";"2";"17/06/2021"
"Zalamea la Real";"3054";"94";"3";"98.231827111984288";"0";"94";"89";"2";"17/06/2021"
"Zarza-Perrunal (La)";"1253";"25";"0";"0";"0";"25";"25";"0";"17/06/2021"
"Almonte";"24507";"1888";"69";"281.5522095727751";"29";"1894";"1761";"19";"17/06/2021"
"Beas";"4341";"218";"8";"184.28933425478002";"5";"218";"202";"4";"17/06/2021"
"Bollullos Par del Condado";"14387";"1023";"46";"319.73309237506083";"17";"1025";"951";"9";"17/06/2021"
"Bonares";"6060";"291";"19";"313.53135313531351";"6";"291";"267";"2";"17/06/2021"
"Escacena del Campo";"2287";"154";"0";"0";"0";"159";"152";"7";"17/06/2021"
"Gibraleón";"12737";"643";"12";"94.21370809452776";"5";"648";"610";"17";"17/06/2021"
"Lucena del Puerto";"3261";"264";"10";"306.65440049064705";"5";"268";"252";"3";"17/06/2021"
"Manzanilla";"2118";"103";"4";"188.85741265344666";"1";"103";"94";"1";"17/06/2021"
"Moguer";"21867";"1361";"70";"320.11707138610694";"28";"1363";"1260";"7";"17/06/2021"
"Niebla";"4116";"247";"12";"291.54518950437318";"7";"250";"235";"0";"17/06/2021"
"Palma del Condado (La)";"10801";"1179";"27";"249.97685399500045";"13";"1190";"1122";"24";"17/06/2021"
"Palos de la Frontera";"11742";"703";"40";"340.65746891500595";"14";"705";"635";"9";"17/06/2021"
"Paterna del Campo";"3457";"129";"1";"28.926815157651141";"0";"129";"125";"1";"17/06/2021"
"Rociana del Condado";"7939";"563";"6";"75.576269051517826";"5";"568";"538";"9";"17/06/2021"
"San Bartolomé de la Torre";"3761";"305";"6";"159.53203935123636";"4";"306";"293";"2";"17/06/2021"
"San Juan del Puerto";"9411";"559";"57";"605.67421102964613";"26";"560";"480";"15";"17/06/2021"
"Trigueros";"7862";"329";"24";"305.26583566522515";"8";"334";"294";"8";"17/06/2021"
"Villalba del Alcor";"3366";"481";"0";"0";"0";"482";"472";"8";"17/06/2021"
"Villarrasa";"2211";"180";"7";"316.59882406151064";"1";"182";"171";"2";"17/06/2021"
"Aljaraque";"21474";"1157";"57";"265.4372729812797";"16";"1167";"1070";"16";"17/06/2021"
"Almendro (El)";"840";"39";"3";"357.14285714285717";"2";"41";"38";"0";"17/06/2021"
"Alosno";"3933";"179";"12";"305.11060259344015";"8";"180";"159";"6";"17/06/2021"
"Ayamonte";"21104";"1330";"12";"56.861258529188781";"7";"1334";"1305";"8";"17/06/2021"
"Cabezas Rubias";"706";"37";"0";"0";"0";"37";"37";"0";"17/06/2021"
"Cartaya";"20083";"1369";"26";"129.46272967186178";"12";"1373";"1318";"8";"17/06/2021"
"Granado (El)";"532";"38";"0";"0";"0";"38";"34";"3";"17/06/2021"
"Huelva (capital)";"143837";"8927";"558";"387.9391255379353";"238";"8987";"8136";"100";"17/06/2021"
"Isla Cristina";"21393";"2171";"21";"98.162950497826387";"13";"2173";"2122";"19";"17/06/2021"
"Lepe";"27880";"2157";"29";"104.01721664275466";"11";"2163";"2096";"12";"17/06/2021"
"Paymogo";"1162";"75";"0";"0";"0";"75";"72";"2";"17/06/2021"
"Puebla de Guzmán";"3092";"136";"17";"549.80595084087975";"10";"136";"112";"3";"17/06/2021"
"Punta Umbría";"15355";"841";"31";"201.8886356235754";"6";"847";"797";"5";"17/06/2021"
"San Silvestre de Guzmán";"614";"15";"0";"0";"0";"15";"15";"0";"17/06/2021"
"Sanlúcar de Guadiana";"403";"6";"0";"0";"0";"6";"5";"0";"17/06/2021"
"Santa Bárbara de Casa";"1043";"15";"0";"0";"0";"15";"11";"4";"17/06/2021"
"Villablanca";"2885";"189";"2";"69.324090121317155";"2";"189";"184";"1";"17/06/2021"
"Villanueva de las Cruces";"387";"20";"0";"0";"0";"20";"20";"0";"17/06/2021"
"Villanueva de los Castillejos";"2825";"164";"2";"70.796460176991147";"0";"167";"162";"2";"17/06/2021"
"Municipio de Huelva sin especificar";"0";"351";"4";"0";"1";"352";"336";"6";"17/06/2021"
"Alcalá la Real";"21709";"1833";"21";"96.734073425768116";"5";"1840";"1765";"53";"17/06/2021"
"Alcaudete";"10483";"604";"10";"95.392540303348284";"7";"607";"584";"13";"17/06/2021"
"Castillo de Locubín";"4049";"403";"7";"172.88219313410718";"1";"407";"387";"12";"17/06/2021"
"Frailes";"1585";"181";"2";"126.18296529968454";"0";"181";"176";"2";"17/06/2021"
"Fuensanta de Martos";"3038";"213";"7";"230.41474654377879";"3";"214";"202";"3";"17/06/2021"
"Higuera de Calatrava";"614";"39";"4";"651.46579804560258";"0";"39";"34";"0";"17/06/2021"
"Lopera";"3652";"264";"32";"876.2322015334064";"7";"266";"228";"3";"17/06/2021"
"Martos";"24343";"1651";"47";"193.07398430760384";"8";"1665";"1576";"22";"17/06/2021"
"Porcuna";"6156";"355";"6";"97.465886939571149";"3";"361";"339";"16";"17/06/2021"
"Santiago de Calatrava";"675";"12";"0";"0";"0";"12";"11";"0";"17/06/2021"
"Torredonjimeno";"13632";"1112";"32";"234.74178403755869";"21";"1124";"1063";"15";"17/06/2021"
"Villardompardo";"968";"44";"3";"309.91735537190084";"1";"45";"40";"2";"17/06/2021"
"Albanchez de Mágina";"1011";"27";"5";"494.55984174085063";"0";"28";"22";"1";"17/06/2021"
"Bélmez de la Moraleda";"1569";"101";"0";"0";"0";"101";"98";"2";"17/06/2021"
"Cabra del Santo Cristo";"1782";"110";"0";"0";"0";"111";"108";"3";"17/06/2021"
"Cambil";"2683";"209";"10";"372.71710771524414";"3";"210";"190";"9";"17/06/2021"
"Campillo de Arenas";"1751";"221";"1";"57.110222729868646";"0";"221";"216";"1";"17/06/2021"
"Cárcheles";"1332";"46";"11";"825.82582582582586";"0";"48";"35";"2";"17/06/2021"
"Cazalilla";"803";"107";"0";"0";"0";"108";"101";"7";"17/06/2021"
"Espeluy";"620";"36";"0";"0";"0";"36";"36";"0";"17/06/2021"
"Fuerte del Rey";"1355";"160";"0";"0";"0";"163";"150";"13";"17/06/2021"
"Guardia de Jaén (La)";"4983";"425";"17";"341.15994380895046";"8";"431";"400";"13";"17/06/2021"
"Huelma";"5744";"465";"10";"174.09470752089138";"4";"469";"446";"13";"17/06/2021"
"Jaén (capital)";"112757";"9092";"177";"156.97473327598286";"50";"9256";"8831";"188";"17/06/2021"
"Jamilena";"3271";"278";"0";"0";"0";"280";"274";"5";"17/06/2021"
"Jimena";"1269";"114";"0";"0";"0";"116";"114";"2";"17/06/2021"
"Mancha Real";"11328";"836";"24";"211.86440677966101";"4";"844";"804";"11";"17/06/2021"
"Mengíbar";"9997";"832";"18";"180.05401620486145";"8";"841";"800";"13";"17/06/2021"
"Noalejo";"1932";"180";"7";"362.31884057971013";"1";"181";"170";"4";"17/06/2021"
"Pegalajar";"2875";"253";"1";"34.782608695652172";"0";"253";"249";"3";"17/06/2021"
"Torredelcampo";"14142";"1976";"28";"197.99179748267571";"6";"1994";"1913";"36";"17/06/2021"
"Torres";"1372";"70";"0";"0";"0";"70";"69";"1";"17/06/2021"
"Valdepeñas de Jaén";"3679";"247";"4";"108.72519706441967";"3";"248";"237";"5";"17/06/2021"
"Villares (Los)";"6020";"654";"32";"531.56146179401992";"11";"660";"608";"15";"17/06/2021"
"Villatorres";"4298";"266";"6";"139.59981386691484";"4";"277";"256";"7";"17/06/2021"
"Aldeaquemada";"476";"35";"4";"840.33613445378148";"1";"35";"31";"0";"17/06/2021"
"Andújar";"36615";"2378";"110";"300.42332377440937";"37";"2390";"2164";"46";"17/06/2021"
"Arjona";"5515";"338";"10";"181.32366273798732";"4";"352";"322";"9";"17/06/2021"
"Arjonilla";"3571";"154";"4";"112.01344161299356";"4";"173";"160";"6";"17/06/2021"
"Arquillos";"1722";"153";"1";"58.072009291521489";"0";"153";"147";"4";"17/06/2021"
"Bailén";"17548";"1636";"72";"410.30316845224525";"17";"1656";"1538";"25";"17/06/2021"
"Baños de la Encina";"2576";"204";"4";"155.27950310559007";"0";"205";"200";"1";"17/06/2021"
"Carboneros";"591";"19";"0";"0";"0";"19";"19";"0";"17/06/2021"
"Carolina (La)";"15160";"920";"70";"461.74142480211083";"22";"924";"823";"22";"17/06/2021"
"Castellar";"3292";"469";"1";"30.376670716889429";"0";"469";"458";"6";"17/06/2021"
"Chiclana de Segura";"955";"33";"0";"0";"0";"34";"34";"0";"17/06/2021"
"Escañuela";"944";"41";"1";"105.93220338983051";"0";"42";"41";"0";"17/06/2021"
"Guarromán";"2739";"281";"8";"292.07740051113547";"3";"282";"266";"1";"17/06/2021"
"Jabalquinto";"2017";"145";"8";"396.62865642042635";"8";"145";"135";"2";"17/06/2021"
"Lahiguera";"1686";"146";"6";"355.87188612099646";"0";"148";"142";"0";"17/06/2021"
"Linares";"57353";"5624";"109";"190.05108712709011";"47";"5701";"5403";"148";"17/06/2021"
"Marmolejo";"6763";"313";"6";"88.71802454532012";"4";"314";"300";"7";"17/06/2021"
"Montizón";"1689";"49";"2";"118.41326228537596";"0";"51";"48";"1";"17/06/2021"
"Navas de San Juan";"4528";"425";"62";"1369.2579505300353";"14";"425";"359";"3";"17/06/2021"
"Santa Elena";"890";"34";"2";"224.71910112359549";"0";"34";"30";"1";"17/06/2021"
"Santisteban del Puerto";"4463";"356";"31";"694.60004481290616";"7";"357";"319";"6";"17/06/2021"
"Sorihuela del Guadalimar";"1098";"51";"2";"182.14936247723134";"2";"51";"47";"2";"17/06/2021"
"Torreblascopedro";"2508";"250";"0";"0";"0";"252";"249";"3";"17/06/2021"
"Vilches";"4409";"328";"0";"0";"0";"329";"324";"5";"17/06/2021"
"Villanueva de la Reina";"3038";"184";"3";"98.749177090190912";"1";"189";"179";"5";"17/06/2021"
"Arroyo del Ojanco";"2287";"274";"0";"0";"0";"276";"273";"3";"17/06/2021"
"Beas de Segura";"5100";"525";"6";"117.64705882352941";"6";"526";"519";"1";"17/06/2021"
"Bedmar y Garcíez";"2633";"205";"0";"0";"0";"206";"203";"2";"17/06/2021"
"Begíjar";"3009";"255";"3";"99.700897308075767";"0";"255";"248";"1";"17/06/2021"
"Benatae";"445";"28";"0";"0";"0";"28";"28";"0";"17/06/2021"
"Canena";"1814";"113";"0";"0";"0";"113";"111";"2";"17/06/2021"
"Cazorla";"7352";"472";"4";"54.406964091403701";"3";"476";"462";"9";"17/06/2021"
"Chilluévar";"1410";"95";"1";"70.921985815602838";"0";"97";"92";"2";"17/06/2021"
"Génave";"590";"26";"0";"0";"0";"26";"26";"0";"17/06/2021"
"Hinojares";"373";"18";"0";"0";"0";"18";"17";"1";"17/06/2021"
"Hornos";"594";"50";"0";"0";"0";"50";"50";"0";"17/06/2021"
"Huesa";"2490";"229";"0";"0";"0";"229";"226";"3";"17/06/2021"
"Ibros";"2827";"176";"1";"35.373187124159884";"1";"176";"172";"2";"17/06/2021"
"Baeza";"15791";"1367";"23";"145.65258691659807";"6";"1376";"1324";"21";"17/06/2021"
"Iruela (La)";"1879";"133";"0";"0";"0";"134";"131";"3";"17/06/2021"
"Iznatoraf";"942";"65";"3";"318.47133757961785";"1";"66";"62";"1";"17/06/2021"
"Jódar";"11634";"1298";"2";"17.190991920233799";"0";"1299";"1278";"12";"17/06/2021"
"Larva";"474";"39";"0";"0";"0";"39";"38";"1";"17/06/2021"
"Lupión";"820";"40";"1";"121.95121951219512";"0";"40";"37";"2";"17/06/2021"
"Orcera";"1791";"247";"4";"223.33891680625348";"1";"248";"239";"5";"17/06/2021"
"Peal de Becerro";"5240";"218";"2";"38.167938931297712";"2";"219";"208";"9";"17/06/2021"
"Pozo Alcón";"4731";"491";"3";"63.411540900443882";"0";"492";"480";"7";"17/06/2021"
"Puente de Génave";"2159";"129";"0";"0";"0";"130";"129";"1";"17/06/2021"
"Puerta de Segura (La)";"2234";"183";"4";"179.05102954341987";"0";"184";"174";"5";"17/06/2021"
"Quesada";"5196";"386";"1";"19.24557351809084";"0";"386";"375";"9";"17/06/2021"
"Rus";"3531";"172";"2";"56.641178136505239";"0";"174";"167";"4";"17/06/2021"
"Sabiote";"3886";"294";"0";"0";"0";"296";"287";"5";"17/06/2021"
"Santiago-Pontones";"2911";"260";"1";"34.352456200618342";"1";"262";"255";"6";"17/06/2021"
"Santo Tomé";"2129";"173";"1";"46.970408642555192";"0";"187";"175";"10";"17/06/2021"
"Segura de la Sierra";"1803";"217";"0";"0";"0";"217";"212";"4";"17/06/2021"
"Siles";"2220";"113";"4";"180.18018018018017";"3";"113";"106";"3";"17/06/2021"
"Torreperogil";"7222";"605";"9";"124.61921905289394";"6";"611";"586";"15";"17/06/2021"
"Torres de Albánchez";"770";"30";"0";"0";"0";"30";"30";"0";"17/06/2021"
"Úbeda";"34329";"2333";"60";"174.77934108188413";"20";"2369";"2255";"30";"17/06/2021"
"Villacarrillo";"10673";"961";"3";"28.1083106905275";"1";"968";"945";"16";"17/06/2021"
"Villanueva del Arzobispo";"8078";"704";"5";"61.896509036890322";"4";"704";"691";"8";"17/06/2021"
"Villarrodrigo";"391";"28";"0";"0";"0";"28";"28";"0";"17/06/2021"
"Municipio de Jaén sin especificar";"0";"30";"1";"0";"0";"30";"28";"1";"17/06/2021"
"Alcaucín";"2279";"73";"3";"131.63668275559456";"2";"73";"69";"1";"17/06/2021"
"Alfarnate";"1065";"98";"0";"0";"0";"98";"95";"3";"17/06/2021"
"Alfarnatejo";"364";"25";"1";"274.72527472527474";"0";"25";"23";"1";"17/06/2021"
"Algarrobo";"6556";"307";"4";"61.012812690665037";"1";"312";"300";"4";"17/06/2021"
"Almáchar";"1817";"160";"3";"165.10731975784259";"3";"160";"152";"5";"17/06/2021"
"Árchez";"385";"18";"0";"0";"0";"18";"18";"0";"17/06/2021"
"Arenas";"1177";"37";"0";"0";"0";"37";"36";"1";"17/06/2021"
"Benamargosa";"1535";"40";"0";"0";"0";"41";"41";"0";"17/06/2021"
"Benamocarra";"3046";"145";"0";"0";"0";"147";"144";"2";"17/06/2021"
"Borge (El)";"922";"76";"2";"216.91973969631238";"2";"76";"72";"1";"17/06/2021"
"Canillas de Aceituno";"1680";"42";"0";"0";"0";"42";"42";"0";"17/06/2021"
"Canillas de Albaida";"759";"20";"0";"0";"0";"20";"19";"1";"17/06/2021"
"Casabermeja";"3629";"211";"5";"137.77900248002206";"5";"214";"207";"1";"17/06/2021"
"Colmenar";"3409";"133";"4";"117.33646230566148";"0";"135";"122";"5";"17/06/2021"
"Comares";"1330";"21";"0";"0";"0";"21";"21";"0";"17/06/2021"
"Cómpeta";"3967";"95";"1";"25.207965717166626";"0";"95";"91";"2";"17/06/2021"
"Cútar";"616";"19";"0";"0";"0";"19";"18";"1";"17/06/2021"
"Frigiliana";"3062";"61";"7";"228.60875244937949";"2";"61";"52";"0";"17/06/2021"
"Iznate";"907";"11";"0";"0";"0";"11";"11";"0";"17/06/2021"
"Nerja";"21144";"638";"63";"297.95686719636774";"35";"643";"557";"11";"17/06/2021"
"Periana";"3089";"210";"1";"32.372936225315634";"1";"210";"206";"2";"17/06/2021"
"Riogordo";"2723";"103";"0";"0";"0";"103";"97";"4";"17/06/2021"
"Salares";"173";"10";"0";"0";"0";"10";"9";"1";"17/06/2021"
"Sayalonga";"1568";"66";"1";"63.775510204081634";"0";"66";"60";"3";"17/06/2021"
"Sedella";"576";"6";"0";"0";"0";"6";"6";"0";"17/06/2021"
"Torrox";"17943";"427";"11";"61.305244384996932";"9";"437";"415";"9";"17/06/2021"
"Vélez-Málaga";"82365";"5024";"62";"75.274691920111692";"33";"5082";"4900";"90";"17/06/2021"
"Viñuela";"2055";"61";"4";"194.64720194647202";"2";"61";"54";"2";"17/06/2021"
"Benahavís";"7748";"325";"8";"103.25245224574084";"5";"329";"304";"3";"17/06/2021"
"Benalmádena";"69144";"3698";"138";"199.583477959042";"44";"3775";"3503";"66";"17/06/2021"
"Casares";"6883";"278";"4";"58.114194391980242";"2";"283";"270";"8";"17/06/2021"
"Estepona";"70228";"4519";"110";"156.63268212109131";"54";"4591";"4387";"40";"17/06/2021"
"Fuengirola";"82837";"4409";"140";"169.00660332943008";"56";"4452";"4208";"49";"17/06/2021"
"Istán";"1494";"59";"6";"401.60642570281124";"3";"59";"51";"0";"17/06/2021"
"Manilva";"16439";"1078";"44";"267.65618346614758";"15";"1081";"1000";"18";"17/06/2021"
"Marbella";"147633";"12242";"349";"236.39701150826713";"150";"12495";"11752";"181";"17/06/2021"
"Mijas";"85397";"4848";"129";"151.05917069686288";"60";"4888";"4637";"41";"17/06/2021"
"Ojén";"3816";"196";"8";"209.64360587002096";"4";"200";"188";"1";"17/06/2021"
"Torremolinos";"69166";"3424";"113";"163.37506867536072";"53";"3480";"3281";"37";"17/06/2021"
"Alameda";"5387";"599";"2";"37.126415444588822";"0";"599";"586";"6";"17/06/2021"
"Almargen";"1947";"280";"0";"0";"0";"283";"277";"4";"17/06/2021"
"Antequera";"41318";"2267";"119";"288.0100682511254";"46";"2321";"2053";"31";"17/06/2021"
"Archidona";"8168";"401";"5";"61.214495592556318";"1";"411";"374";"16";"17/06/2021"
"Campillos";"8387";"534";"27";"321.92679146297843";"16";"540";"490";"3";"17/06/2021"
"Cañete la Real";"1633";"151";"0";"0";"0";"153";"144";"9";"17/06/2021"
"Cuevas Bajas";"1370";"37";"2";"145.98540145985402";"2";"41";"38";"1";"17/06/2021"
"Cuevas de San Marcos";"3601";"319";"1";"27.770063871146903";"1";"320";"300";"17";"17/06/2021"
"Fuente de Piedra";"2662";"110";"3";"112.69722013523666";"3";"111";"105";"0";"17/06/2021"
"Humilladero";"3297";"152";"3";"90.99181073703366";"1";"156";"147";"1";"17/06/2021"
"Mollina";"5276";"239";"1";"18.953752843062926";"1";"240";"232";"2";"17/06/2021"
"Sierra de Yeguas";"3318";"281";"3";"90.415913200723324";"2";"283";"274";"4";"17/06/2021"
"Teba";"3744";"471";"0";"0";"0";"478";"467";"9";"17/06/2021"
"Valle de Abdalajís";"2502";"66";"2";"79.936051159072747";"1";"73";"68";"2";"17/06/2021"
"Villanueva de Algaidas";"4148";"93";"5";"120.54001928640308";"1";"96";"84";"1";"17/06/2021"
"Villanueva de la Concepción";"3288";"154";"6";"182.48175182481751";"3";"160";"151";"3";"17/06/2021"
"Villanueva de Tapia";"1460";"58";"1";"68.493150684931507";"0";"60";"56";"2";"17/06/2021"
"Villanueva del Rosario";"3362";"203";"2";"59.488399762046399";"1";"205";"189";"1";"17/06/2021"
"Villanueva del Trabuco";"5308";"411";"3";"56.51846269781462";"0";"416";"406";"6";"17/06/2021"
"Almogía";"3792";"72";"0";"0";"0";"77";"75";"2";"17/06/2021"
"Macharaviaya";"513";"5";"0";"0";"0";"5";"5";"0";"17/06/2021"
"Málaga (capital)";"578460";"36019";"862";"149.01635376689831";"418";"36868";"34889";"627";"17/06/2021"
"Moclinejo";"1251";"91";"2";"159.87210231814549";"2";"91";"84";"2";"17/06/2021"
"Rincón de la Victoria";"48768";"2235";"26";"53.313648293963254";"14";"2294";"2200";"39";"17/06/2021"
"Totalán";"737";"17";"0";"0";"0";"17";"17";"0";"17/06/2021"
"Algatocín";"814";"59";"4";"491.40049140049138";"2";"60";"55";"2";"17/06/2021"
"Alpandeire";"263";"16";"0";"0";"0";"16";"15";"1";"17/06/2021"
"Arriate";"4082";"344";"15";"367.46692797648211";"5";"347";"325";"8";"17/06/2021"
"Atajate";"169";"0";"0";"0";"0";"0";"0";"0";"17/06/2021"
"Benadalid";"233";"1";"0";"0";"0";"1";"1";"0";"17/06/2021"
"Benalauría";"438";"11";"0";"0";"0";"12";"12";"0";"17/06/2021"
"Benaoján";"1453";"74";"1";"68.823124569855466";"0";"74";"73";"0";"17/06/2021"
"Benarrabá";"446";"19";"2";"448.4304932735426";"1";"19";"16";"1";"17/06/2021"
"Burgo (El)";"1792";"46";"7";"390.625";"4";"46";"40";"0";"17/06/2021"
"Cartajima";"242";"15";"0";"0";"0";"15";"15";"0";"17/06/2021"
"Cortes de la Frontera";"3065";"181";"0";"0";"0";"182";"179";"3";"17/06/2021"
"Cuevas del Becerro";"1597";"350";"0";"0";"0";"350";"348";"2";"17/06/2021"
"Faraján";"261";"11";"1";"383.14176245210729";"0";"11";"9";"1";"17/06/2021"
"Gaucín";"1589";"155";"5";"314.6633102580239";"0";"156";"150";"3";"17/06/2021"
"Genalguacil";"393";"19";"0";"0";"0";"20";"20";"0";"17/06/2021"
"Igualeja";"752";"37";"0";"0";"0";"37";"34";"3";"17/06/2021"
"Jimera de Líbar";"379";"22";"0";"0";"0";"22";"22";"0";"17/06/2021"
"Jubrique";"523";"19";"0";"0";"0";"19";"19";"0";"17/06/2021"
"Júzcar";"214";"7";"0";"0";"0";"7";"7";"0";"17/06/2021"
"Montecorto";"586";"28";"0";"0";"0";"28";"26";"1";"17/06/2021"
"Montejaque";"949";"80";"1";"105.3740779768177";"0";"80";"75";"5";"17/06/2021"
"Parauta";"239";"8";"0";"0";"0";"8";"8";"0";"17/06/2021"
"Pujerra";"308";"4";"0";"0";"0";"4";"4";"0";"17/06/2021"
"Ronda";"33730";"3055";"23";"68.188556181440859";"10";"3126";"3020";"90";"17/06/2021"
"Serrato";"482";"32";"0";"0";"0";"32";"32";"0";"17/06/2021"
"Alhaurín de la Torre";"41170";"2427";"46";"111.73184357541899";"28";"2465";"2358";"34";"17/06/2021"
"Alhaurín el Grande";"25358";"1664";"38";"149.85408943923022";"9";"1685";"1616";"19";"17/06/2021"
"Álora";"13112";"846";"50";"381.33007931665651";"22";"861";"775";"21";"17/06/2021"
"Alozaina";"2061";"94";"11";"533.7214944201844";"1";"97";"75";"3";"17/06/2021"
"Ardales";"2506";"173";"2";"79.808459696727851";"1";"173";"170";"1";"17/06/2021"
"Carratraca";"740";"17";"0";"0";"0";"17";"17";"0";"17/06/2021"
"Cártama";"26738";"1650";"70";"261.79968584037698";"28";"1662";"1551";"11";"17/06/2021"
"Casarabonela";"2514";"61";"2";"79.554494828957843";"1";"62";"57";"2";"17/06/2021"
"Coín";"22673";"1716";"21";"92.621179376350725";"8";"1735";"1675";"21";"17/06/2021"
"Guaro";"2280";"153";"1";"43.859649122807021";"0";"156";"131";"22";"17/06/2021"
"Monda";"2697";"220";"1";"37.07823507601038";"0";"221";"211";"4";"17/06/2021"
"Pizarra";"9444";"577";"22";"232.95213892418468";"7";"579";"546";"4";"17/06/2021"
"Tolox";"2136";"76";"1";"46.816479400749067";"1";"76";"72";"2";"17/06/2021"
"Yunquera";"2869";"162";"6";"209.13210177762286";"4";"162";"150";"6";"17/06/2021"
"Municipio de Málaga sin especificar";"0";"606";"7";"0";"3";"608";"581";"12";"17/06/2021"
"Albaida del Aljarafe";"3201";"135";"6";"187.44142455482663";"4";"136";"126";"3";"17/06/2021"
"Almensilla";"6175";"253";"16";"259.10931174089069";"5";"255";"229";"5";"17/06/2021"
"Aznalcázar";"4588";"297";"28";"610.28770706190062";"18";"299";"260";"8";"17/06/2021"
"Aznalcóllar";"6083";"177";"3";"49.317770836758179";"2";"178";"169";"3";"17/06/2021"
"Benacazón";"7222";"469";"5";"69.23289947382996";"4";"469";"455";"5";"17/06/2021"
"Bollullos de la Mitación";"10931";"466";"16";"146.37270149117191";"12";"474";"445";"2";"17/06/2021"
"Bormujos";"22180";"1284";"45";"202.88548241659151";"21";"1296";"1216";"19";"17/06/2021"
"Camas";"27560";"1781";"38";"137.88098693759071";"12";"1788";"1691";"16";"17/06/2021"
"Carrión de los Céspedes";"2547";"129";"3";"117.78563015312132";"2";"130";"125";"1";"17/06/2021"
"Castilleja de Guzmán";"2833";"177";"6";"211.78962230850689";"0";"177";"165";"0";"17/06/2021"
"Castilleja de la Cuesta";"17516";"887";"24";"137.01758392327017";"10";"898";"834";"11";"17/06/2021"
"Castilleja del Campo";"640";"27";"0";"0";"0";"27";"27";"0";"17/06/2021"
"Chucena";"2223";"143";"3";"134.95276653171391";"1";"144";"135";"2";"17/06/2021"
"Coria del Río";"30908";"2204";"109";"352.65950562961046";"51";"2214";"2011";"22";"17/06/2021"
"Espartinas";"15824";"668";"13";"82.153690596562186";"5";"678";"650";"10";"17/06/2021"
"Gelves";"10193";"572";"14";"137.3491611890513";"2";"575";"544";"3";"17/06/2021"
"Gines";"13428";"692";"22";"163.83675901102174";"6";"697";"653";"7";"17/06/2021"
"Hinojos";"3961";"177";"8";"201.96919969704621";"6";"178";"161";"4";"17/06/2021"
"Huévar del Aljarafe";"3060";"139";"1";"32.679738562091501";"0";"139";"135";"1";"17/06/2021"
"Isla Mayor";"5825";"387";"4";"68.669527896995703";"3";"388";"372";"5";"17/06/2021"
"Mairena del Aljarafe";"46555";"2625";"79";"169.6917624315326";"35";"2645";"2462";"33";"17/06/2021"
"Olivares";"9466";"587";"35";"369.74434819353473";"16";"589";"533";"6";"17/06/2021"
"Palomares del Río";"8843";"431";"23";"260.09272871197555";"16";"432";"399";"7";"17/06/2021"
"Pilas";"13952";"1274";"72";"516.05504587155963";"32";"1278";"1166";"7";"17/06/2021"
"Puebla del Río (La)";"11920";"840";"23";"192.95302013422818";"9";"842";"771";"9";"17/06/2021"
"Salteras";"5564";"246";"7";"125.80877066858375";"4";"250";"233";"2";"17/06/2021"
"San Juan de Aznalfarache";"21774";"1507";"40";"183.7053366400294";"22";"1546";"1427";"51";"17/06/2021"
"Sanlúcar la Mayor";"13943";"624";"23";"164.95732625690312";"16";"629";"577";"11";"17/06/2021"
"Santiponce";"8538";"703";"11";"128.83579292574373";"5";"704";"654";"19";"17/06/2021"
"Tomares";"25455";"1172";"37";"145.35454724022784";"19";"1182";"1115";"11";"17/06/2021"
"Umbrete";"9000";"568";"4";"44.444444444444443";"3";"571";"553";"1";"17/06/2021"
"Valencina de la Concepción";"7776";"394";"14";"180.0411522633745";"6";"398";"372";"6";"17/06/2021"
"Villamanrique de la Condesa";"4477";"305";"22";"491.40049140049138";"11";"305";"273";"2";"17/06/2021"
"Villanueva del Ariscal";"6591";"338";"5";"75.86102260658474";"2";"339";"326";"3";"17/06/2021"
"Sevilla (capital)";"691395";"44723";"1030";"148.97417539901215";"462";"45090";"42326";"765";"17/06/2021"
"Aguadulce";"2035";"110";"1";"49.140049140049143";"0";"111";"108";"2";"17/06/2021"
"Algámitas";"1253";"184";"0";"0";"0";"184";"178";"6";"17/06/2021"
"Badolatosa";"3079";"282";"7";"227.34654108476778";"4";"282";"274";"1";"17/06/2021"
"Cañada Rosal";"3325";"151";"12";"360.90225563909775";"1";"151";"135";"2";"17/06/2021"
"Casariche";"5429";"712";"34";"626.2663473936268";"21";"712";"668";"9";"17/06/2021"
"Corrales (Los)";"3938";"275";"12";"304.72320975114269";"7";"277";"261";"4";"17/06/2021"
"Écija";"39893";"2940";"165";"413.60639711227532";"62";"2953";"2736";"42";"17/06/2021"
"Estepa";"12497";"1254";"69";"552.13251180283271";"28";"1258";"1174";"14";"17/06/2021"
"Fuentes de Andalucía";"7152";"545";"33";"461.40939597315435";"21";"545";"490";"7";"17/06/2021"
"Gilena";"3727";"387";"27";"724.44325194526425";"9";"389";"353";"4";"17/06/2021"
"Herrera";"6464";"529";"72";"1113.8613861386139";"41";"534";"449";"11";"17/06/2021"
"Lantejuela";"3846";"315";"3";"78.003120124804994";"0";"315";"306";"6";"17/06/2021"
"Lora de Estepa";"873";"57";"3";"343.64261168384877";"2";"57";"54";"0";"17/06/2021"
"Luisiana (La)";"4578";"269";"9";"196.5923984272608";"5";"272";"260";"1";"17/06/2021"
"Marchena";"19329";"1137";"36";"186.24864193698588";"19";"1140";"1084";"17";"17/06/2021"
"Marinaleda";"2592";"201";"18";"694.44444444444446";"7";"201";"182";"1";"17/06/2021"
"Martín de la Jara";"2665";"256";"3";"112.5703564727955";"1";"257";"253";"2";"17/06/2021"
"Osuna";"17621";"1318";"33";"187.27654503149651";"15";"1322";"1273";"10";"17/06/2021"
"Pedrera";"5158";"546";"11";"213.26095385808452";"6";"549";"533";"5";"17/06/2021"
"Puebla de Cazalla (La)";"10932";"656";"2";"18.294914013904133";"1";"660";"650";"9";"17/06/2021"
"Roda de Andalucía (La)";"4175";"289";"4";"95.808383233532936";"0";"290";"282";"4";"17/06/2021"
"Rubio (El)";"3369";"227";"16";"474.91837340457107";"5";"229";"211";"4";"17/06/2021"
"Saucejo (El)";"4235";"312";"0";"0";"0";"313";"309";"4";"17/06/2021"
"Villanueva de San Juan";"1090";"50";"0";"0";"0";"50";"49";"1";"17/06/2021"
"Alanís";"1706";"100";"6";"351.69988276670574";"5";"101";"93";"0";"17/06/2021"
"Alcalá del Río";"12186";"1213";"49";"402.10077137699";"16";"1216";"1113";"9";"17/06/2021"
"Alcolea del Río";"3347";"192";"35";"1045.7125784284433";"14";"192";"151";"4";"17/06/2021"
"Algaba (La)";"16503";"2061";"112";"678.6644852451069";"45";"2067";"1854";"14";"17/06/2021"
"Almadén de la Plata";"1307";"65";"3";"229.53328232593725";"2";"65";"60";"2";"17/06/2021"
"Arroyomolinos de León";"947";"9";"0";"0";"0";"9";"9";"0";"17/06/2021"
"Brenes";"12501";"1151";"56";"447.96416286697064";"16";"1155";"1040";"13";"17/06/2021"
"Burguillos";"6766";"543";"37";"546.85190659178249";"16";"546";"483";"6";"17/06/2021"
"Cala";"1159";"35";"0";"0";"0";"35";"35";"0";"17/06/2021"
"Campana (La)";"5238";"556";"13";"248.18633066055747";"0";"558";"514";"4";"17/06/2021"
"Cantillana";"10736";"1265";"117";"1089.7913561847988";"56";"1273";"1098";"15";"17/06/2021"
"Carmona";"28834";"2170";"85";"294.79087188735519";"27";"2180";"1969";"49";"17/06/2021"
"Castilblanco de los Arroyos";"4899";"303";"1";"20.412329046744233";"1";"303";"292";"8";"17/06/2021"
"Castillo de las Guardas (El)";"1468";"107";"0";"0";"0";"107";"104";"2";"17/06/2021"
"Cazalla de la Sierra";"4684";"246";"3";"64.047822374039285";"0";"248";"236";"3";"17/06/2021"
"Constantina";"5864";"433";"5";"85.266030013642563";"3";"434";"408";"8";"17/06/2021"
"Garrobo (El)";"782";"86";"0";"0";"0";"86";"85";"1";"17/06/2021"
"Gerena";"7674";"422";"25";"325.77534532186604";"11";"422";"387";"1";"17/06/2021"
"Guadalcanal";"2608";"124";"0";"0";"0";"124";"117";"4";"17/06/2021"
"Guillena";"12903";"934";"45";"348.75610323180655";"15";"938";"839";"14";"17/06/2021"
"Lora del Río";"18630";"1712";"81";"434.78260869565219";"34";"1719";"1547";"25";"17/06/2021"
"Madroño (El)";"287";"6";"0";"0";"0";"6";"6";"0";"17/06/2021"
"Mairena del Alcor";"23698";"1519";"70";"295.38357667313699";"19";"1532";"1377";"15";"17/06/2021"
"Navas de la Concepción (Las)";"1542";"23";"0";"0";"0";"25";"22";"2";"17/06/2021"
"Pedroso (El)";"2009";"81";"3";"149.32802389248383";"3";"82";"74";"3";"17/06/2021"
"Puebla de los Infantes (La)";"2980";"104";"2";"67.114093959731548";"1";"104";"95";"2";"17/06/2021"
"Real de la Jara (El)";"1494";"32";"0";"0";"0";"32";"31";"1";"17/06/2021"
"Rinconada (La)";"39062";"3391";"73";"186.88239209461881";"25";"3401";"3216";"46";"17/06/2021"
"Ronquillo (El)";"1377";"68";"0";"0";"0";"68";"63";"4";"17/06/2021"
"San Nicolás del Puerto";"596";"46";"1";"167.78523489932886";"1";"46";"43";"1";"17/06/2021"
"Santa Olalla del Cala";"2022";"100";"1";"49.455984174085067";"0";"100";"99";"0";"17/06/2021"
"Tocina";"9486";"615";"38";"400.59034366434747";"10";"618";"541";"7";"17/06/2021"
"Villanueva del Río y Minas";"4847";"262";"9";"185.68186507117804";"2";"263";"243";"6";"17/06/2021"
"Villaverde del Río";"7842";"793";"51";"650.34429992348896";"17";"794";"714";"7";"17/06/2021"
"Viso del Alcor (El)";"19324";"1936";"85";"439.86752225212172";"20";"1941";"1766";"19";"17/06/2021"
"Zufre";"796";"17";"0";"0";"0";"17";"15";"0";"17/06/2021"
"Alcalá de Guadaíra";"75533";"4861";"160";"211.82794275349846";"67";"4883";"4501";"74";"17/06/2021"
"Arahal";"19533";"1722";"38";"194.54256898581886";"18";"1736";"1638";"35";"17/06/2021"
"Cabezas de San Juan (Las)";"16358";"1252";"12";"73.35860129600195";"5";"1255";"1213";"18";"17/06/2021"
"Coripe";"1238";"58";"0";"0";"0";"58";"56";"0";"17/06/2021"
"Coronil (El)";"4717";"231";"4";"84.799660801356794";"1";"231";"221";"2";"17/06/2021"
"Cuervo de Sevilla (El)";"8656";"528";"14";"161.73752310536045";"11";"528";"497";"8";"17/06/2021"
"Dos Hermanas";"135050";"8761";"222";"164.38356164383561";"93";"8815";"8285";"130";"17/06/2021"
"Lebrija";"27578";"1580";"33";"119.6605990282109";"23";"1600";"1496";"34";"17/06/2021"
"Molares (Los)";"3518";"378";"0";"0";"0";"378";"362";"7";"17/06/2021"
"Montellano";"7053";"727";"7";"99.248546717708777";"0";"727";"698";"13";"17/06/2021"
"Morón de la Frontera";"27633";"1518";"51";"184.56193681467809";"21";"1521";"1416";"29";"17/06/2021"
"Palacios y Villafranca (Los)";"38548";"3193";"37";"95.984227456677388";"16";"3197";"3036";"54";"17/06/2021"
"Palmar de Troya (El)";"2343";"297";"12";"512.16389244558263";"9";"297";"271";"8";"17/06/2021"
"Paradas";"6857";"534";"17";"247.92183170482718";"13";"537";"507";"6";"17/06/2021"
"Pruna";"2605";"211";"3";"115.16314779270634";"0";"211";"204";"2";"17/06/2021"
"Utrera";"50962";"3682";"65";"127.54601467760293";"17";"3697";"3506";"67";"17/06/2021"
"Municipio de Sevilla sin especificar";"0";"1173";"10";"0";"2";"1177";"1132";"12";"17/06/2021"
